age,weight,height,bmi,activity_level,diet_type,recommended_calories
56,45.903305196136415,187.26963851233404,13.089082740202622,moderate,vegetarian,2024.202438995178
69,73.05195453800835,166.00363814385398,26.50920037475609,high,non-vegetarian,2561.4761108025073
46,58.65473882073545,172.24684725751885,19.76972108825389,low,vegetarian,1719.708220280217
32,48.666194356034886,179.3259083187309,15.133567132402884,high,non-vegetarian,2605.4079669943508
60,60.3014067363621,155.81634267066968,24.837131172534033,moderate,non-vegetarian,1915.29931358296
25,53.77677994578407,152.39191188019225,23.15639550453959,moderate,vegetarian,2047.8258730635637
38,95.30712452608847,154.74343685429906,39.80163293648221,high,non-vegetarian,3114.3919060804574
56,83.22459635424175,182.62584103427182,24.95325699963825,moderate,vegetarian,2540.4862050099246
36,69.88041038025074,164.48141854107553,25.829842682944083,high,vegetarian,2784.2633454316133
40,92.19916208335039,195.58199285668252,24.102896737696465,moderate,non-vegetarian,2916.568614281655
28,71.16052461471428,164.35752401342612,26.34268027813255,low,vegetarian,1918.6077254772672
28,57.08073698007605,171.84551303197037,19.329168756589944,low,vegetarian,1805.8101915006903
41,92.84686115904486,185.42109952567876,27.005294774525446,moderate,vegetarian,2823.525725438911
53,78.08365065526988,190.06092888159122,21.61595436720241,high,vegetarian,3066.6911617127594
57,54.441307685103155,190.61503576636397,14.983533342337175,low,vegetarian,1740.9084604689676
41,67.14491982874588,182.08366230593143,20.25215300423517,high,vegetarian,2888.0497578591544
20,56.86572619922864,180.24062525811462,17.50431898840466,moderate,non-vegetarian,2392.7417547832547
39,49.25800403553495,175.92526949201184,15.915502678850837,high,vegetarian,2514.8033544247623
19,83.89266321297463,177.78361076166638,26.542421199110297,low,non-vegetarian,2226.089039268193
41,98.64124960705196,164.48814283671467,36.45770873187189,high,non-vegetarian,3257.0340998399756
61,49.02148639271288,161.81801116577694,18.72116009465821,high,vegetarian,2153.8393806838226
47,78.44453855035856,169.96625542589047,27.154217963326357,moderate,non-vegetarian,2417.6017228731016
55,60.24036146317259,168.29815377475072,21.268108416313993,moderate,non-vegetarian,2068.900613585877
19,62.69311924352956,165.46771950672724,22.897776680762696,moderate,vegetarian,2349.156659028511
38,61.11409113641696,176.96387447456715,19.515160211730354,low,vegetarian,1832.5981521962572
50,57.04013845480276,179.5530520857051,17.692735600709703,low,vegetarian,1731.1295521004213
29,70.7278244191724,170.88406886291847,24.220725449175347,moderate,non-vegetarian,2445.455511877447
39,57.535748253834434,184.7753008105526,16.851940983372103,moderate,non-vegetarian,2302.804668906447
61,74.05685238669759,158.58310885866496,29.447700975106244,low,vegetarian,1712.0555450803583
42,69.24642835826295,168.06340540720282,24.51608167171357,low,vegetarian,1839.4326808531762
66,66.41577929700385,162.83177679397195,25.049147446865028,low,non-vegetarian,1622.2276775188357
44,56.386545069376034,151.3346338292694,24.620610899207453,low,non-vegetarian,1547.648294552033
59,61.34843004147501,169.173193141573,21.4358327500207,moderate,non-vegetarian,2063.725136324372
45,81.33086838738635,168.78252491616718,28.549627781184107,low,non-vegetarian,1971.8393575198897
33,77.51375781436572,185.1344974324213,22.615390376153567,moderate,vegetarian,2650.842280644435
32,55.33667132802174,176.30811684554777,17.80198447486044,high,non-vegetarian,2691.526398416804
64,71.48998458143839,159.75813175670794,28.01039653627306,high,non-vegetarian,2508.0987047288554
68,81.27080685057683,188.54092566334188,22.862478047664165,low,non-vegetarian,1981.306624681986
61,44.95892078317942,182.21033695525352,13.541596070097324,high,non-vegetarian,2310.1268648438318
69,78.15040288569902,175.82097703468617,25.28074354604882,high,vegetarian,2763.6932435828016
20,60.0606436158123,167.73515901150168,21.347241947705914,high,vegetarian,2788.112123964015
54,78.5589800288974,160.4056076327652,30.532104676464513,low,non-vegetarian,1821.7498175925077
68,58.55111265186225,166.27793223928947,21.177072434362618,low,non-vegetarian,1541.6978436170182
24,42.92676849003222,180.88748619704185,13.119314687029563,high,vegetarian,2591.6660525373004
38,45.58686343175256,188.84586305934607,12.782763711675097,moderate,vegetarian,2169.232917657658
26,70.72127419992073,185.43243528272188,20.567365834104294,high,non-vegetarian,3125.0978325291944
56,73.89583752582223,165.11150578213727,27.105991608906166,low,non-vegetarian,1789.0863436758964
35,56.43525062343387,158.8038256671099,22.37837446896055,low,vegetarian,1658.2516999845307
21,79.57888688166061,171.40886246911205,27.085154330547255,low,vegetarian,2114.5131110982675
42,45.0771990659656,152.31560634437147,19.42979038755799,high,vegetarian,2146.94015456156
31,69.00880302029024,173.23167714184783,22.99587156794841,moderate,vegetarian,2426.6790185091772
67,51.834757003563155,168.5239741370133,18.25146301505354,low,vegetarian,1483.9468900703575
26,60.22245838296761,165.33963498131757,22.02949447176762,low,vegetarian,1806.7167629554933
43,70.71098006974621,154.05296932733205,29.795227748468452,high,non-vegetarian,2618.8935461879173
19,57.09379952074072,175.13600106569717,18.613930477881524,moderate,vegetarian,2355.8070028020215
37,64.23166683655262,164.6729916033809,23.68669356018966,high,vegetarian,2675.741158595982
45,85.0943921382166,158.30083164289712,33.95740914445817,low,vegetarian,1938.3889429803276
64,61.34662195715277,141.2773778671835,30.73586230491864,moderate,vegetarian,1764.674746862137
24,82.53538168097712,169.72485094949363,28.651627225260782,moderate,non-vegetarian,2649.2012028661593
61,53.05439718013573,187.72251596669744,15.055273580976591,low,non-vegetarian,1678.5716359118596
25,77.94706266872925,186.6125921454787,22.38297775232205,moderate,vegetarian,2731.1989913948014
64,91.6235293098685,165.42903743413729,33.47985212514229,moderate,non-vegetarian,2445.2501655930646
52,32.92533249809066,163.9778793963822,12.245023924386121,high,non-vegetarian,1969.4071281749318
31,58.04657116794285,174.68774256075025,19.021804144069907,low,non-vegetarian,1820.7169232209412
34,78.6560819077081,160.01614560811709,30.71883200460157,low,non-vegetarian,1939.994074953375
53,66.9543192093551,173.01791899819466,22.366417645694867,low,non-vegetarian,1783.0862229987213
67,75.56718810056964,177.6608027838469,23.941426412017464,low,non-vegetarian,1837.2622780856873
57,60.94022219926269,182.26933223884308,18.34327294764325,low,vegetarian,1756.3026581824754
21,71.2988468120935,168.99845923520047,24.96416332975945,moderate,vegetarian,2496.343257511407
19,67.66484146911881,167.96326249823034,23.984709636955994,high,vegetarian,2936.5538495492297
23,87.5167309248971,161.22017413243438,33.670713157170674,low,vegetarian,2121.352077092023
59,73.8163126495182,161.7311964596014,28.220502867085386,high,vegetarian,2617.1695878618434
21,75.06403993112804,167.73521108098473,26.679854404666987,high,non-vegetarian,3049.173843421383
46,63.82184550816299,173.6736550681618,21.15930845236439,moderate,vegetarian,2240.5181988864615
35,62.6859066389126,179.1358462623325,19.53461750831573,low,vegetarian,1885.7497266344446
43,63.51162718270569,161.96821049319655,24.209937695563827,moderate,non-vegetarian,2148.626381114303
61,75.91678213567445,184.92688568959522,22.19921818793821,low,non-vegetarian,1931.9530283000574
51,63.68523278769606,167.2887639895743,22.756485769537633,moderate,vegetarian,2141.1106542177
27,74.34662285344619,169.78632705651563,25.7902658455506,high,non-vegetarian,3005.335390747832
53,101.13101197968157,162.52788320852176,38.28499502083567,low,non-vegetarian,2114.531267820092
31,83.06687055147539,145.7575973972706,39.09898175171291,high,non-vegetarian,2855.9766406458516
48,65.10964701748239,178.84045396361049,20.357001736808787,high,non-vegetarian,2751.928753405301
65,88.01820883245917,177.36843897092433,27.978204411936613,moderate,vegetarian,2495.602247839303
32,63.87886940467673,167.18672442881785,22.853548487273,low,non-vegetarian,1828.4468660722546
25,39.428131972332196,170.6699071722487,13.536060817732663,high,vegetarian,2404.7428311897775
31,54.87870533623894,175.15939217704098,17.886979047911773,moderate,vegetarian,2232.799881703343
40,41.938121184612164,154.37454143113456,17.597768864884635,low,non-vegetarian,1421.0665149488552
57,64.72729773938038,164.70947322653706,23.858894666700333,low,non-vegetarian,1670.0486220715923
38,70.27627568784328,177.94264679621827,22.194667618876053,high,non-vegetarian,2924.827738838635
33,95.14655968412924,157.4571057683075,38.37678251047476,low,vegetarian,2124.687009471857
62,74.90391060646245,172.9355793216663,25.045850612485218,high,non-vegetarian,2735.7956582850697
35,66.71349206786704,156.43418195376594,27.261538603412934,low,non-vegetarian,1763.818269467649
64,82.44108371775233,174.66429982433527,27.023114262530125,moderate,non-vegetarian,2394.0940666194283
41,36.832970364881724,169.64358517702516,12.798582121626648,high,non-vegetarian,2202.483799809404
43,73.53421837162848,153.8486818409449,31.067186263718984,high,non-vegetarian,2667.4136013999428
42,81.5629779083045,181.6473935445717,24.71921828500519,low,vegetarian,2089.1111864839418
62,47.821206313302376,162.6540842320195,18.075510905178795,low,non-vegetarian,1421.7601074997747
58,87.15631064810394,161.8974756298562,33.25206983521825,high,non-vegetarian,2868.160192501753
46,75.07744611241621,172.00569197230942,25.37604019196155,low,non-vegetarian,1914.9720431413152
32,63.77068129148798,181.48637349428716,19.361233010511175,moderate,vegetarian,2417.994970881262
62,79.49172799159427,159.84178181021602,31.112958773065262,low,non-vegetarian,1780.7140994757515
18,104.06039286706594,170.6167984984797,35.74718799162779,moderate,vegetarian,3025.4383789292365
42,72.72799382587743,174.28816500330572,23.942296952988247,moderate,vegetarian,2409.8714542941525
24,73.72330879450504,176.93105607263143,23.550312760597077,moderate,non-vegetarian,2584.578282598495
26,63.109586506896335,171.76441555277225,21.390894348594163,moderate,non-vegetarian,2361.935193410685
41,57.25233445802812,166.32972160916677,20.69443045634883,moderate,non-vegetarian,2110.6261569563603
18,82.45503724816368,161.7240977935128,31.525916297141112,low,vegetarian,2094.39118042931
61,57.15874261136699,170.86143883046375,19.57918220747679,moderate,vegetarian,2001.7071282061024
25,71.07349355829089,159.27860988014393,28.015136959559822,low,vegetarian,1897.4714968005703
41,62.83513829852325,140.78649516505394,31.70155609390434,moderate,vegetarian,1954.9004666502292
28,77.18469738619588,174.36559804157667,25.38689568071469,high,vegetarian,3098.9375309192633
68,75.00493157930423,179.03934841086195,23.398759948990186,moderate,vegetarian,2293.567865041394
34,85.56309916386849,146.3706756445816,39.937267905042766,high,non-vegetarian,2880.805885951176
25,62.349754017178796,159.90269295290062,24.38502407726176,moderate,non-vegetarian,2246.834056691125
52,65.95187597059943,176.19154261005198,21.24501477441957,moderate,vegetarian,2251.073851528229
52,55.31854426326539,190.574954697117,15.231374361897327,moderate,non-vegetarian,2226.418364234453
50,63.33560109885833,170.2079370767541,21.86191898021452,high,non-vegetarian,2604.8801118929337
22,75.65950739567278,162.71997058770864,28.574707611338955,high,vegetarian,2994.4708022338323
59,81.35482924968028,168.1710355889516,28.76609701478737,moderate,vegetarian,2354.4258973916253
56,56.16752013733562,183.74876419148185,16.635520578420554,low,non-vegetarian,1716.1259730841414
58,83.0440888015849,163.54035820875464,31.049801982130443,moderate,vegetarian,2343.8521902308485
45,90.33456788207427,162.00807993349747,34.417603062946114,high,vegetarian,3043.6131211291836
24,76.20152354835551,165.17256477817966,27.93108648519483,moderate,non-vegetarian,2511.515648020767
26,98.151937188371,160.46671391741287,38.11789920591387,high,vegetarian,3337.9854009615724
25,58.39316201344641,171.22670315994796,19.916774378447617,high,non-vegetarian,2752.3773267914503
29,51.33017945032874,186.2467845846956,14.797733960689696,high,non-vegetarian,2758.2195566837427
51,43.319196266435824,173.23079273116028,14.435445940134375,moderate,non-vegetarian,1891.326625851165
50,92.44066467233775,167.4764649787371,32.95759318451833,high,non-vegetarian,3098.0421951128724
65,79.81548484531086,167.08188731084456,28.590938514198015,high,non-vegetarian,2731.349959462597
40,69.16622993634317,154.36809191303342,29.025454706964542,moderate,vegetarian,2184.6943107298357
41,74.19952939479731,178.83109777147158,23.201446705319988,high,vegetarian,2978.441379035407
54,53.11766429052435,169.221628029872,18.549287475019884,moderate,vegetarian,1978.2177271379155
52,106.68627969425239,168.19520086409375,37.71215682612732,high,vegetarian,3344.5490442175974
61,71.93831772962841,201.93107567844862,17.642249520574843,low,non-vegetarian,2011.7428803439052
57,71.64092191907339,172.98752908365685,23.940409530141956,low,non-vegetarian,1815.097531156307
39,80.88649935848038,162.48208949904816,30.63832716828504,high,vegetarian,2932.880495316939
44,77.2151384760507,165.73642403794457,28.110367686950855,low,non-vegetarian,1905.6048419971926
52,73.35826036418698,181.48445709196756,22.27256067004159,moderate,vegetarian,2411.7906907000006
18,58.142883168320324,171.13270410537766,19.853200931123755,low,vegetarian,1873.2098788101764
52,77.07202535703993,155.61722021682633,31.825956534974544,high,vegetarian,2669.990183866015
54,98.2303674471255,179.19228934575204,30.591948013441016,high,non-vegetarian,3298.0598691879695
64,90.18130069232467,163.31855914461005,33.81001904106542,moderate,non-vegetarian,2403.831002365589
31,93.89779939959097,188.73297776217547,26.36087550040547,high,non-vegetarian,3534.4063890171115
20,62.33176485353222,180.8004806571465,19.06822475227516,moderate,non-vegetarian,2479.980978963732
18,55.15592769612129,165.52678104341248,20.130550642882657,low,vegetarian,1795.321990179049
22,68.11319619850528,182.81016361735112,20.381239163644512,low,non-vegetarian,2056.434581512197
43,70.83587368433042,170.67855510527403,24.31617943793753,moderate,non-vegetarian,2340.1495593769005
31,86.41287277706422,178.5277367512222,27.1123426609247,moderate,non-vegetarian,2737.3906236986713
56,44.61303055427771,174.84732817294474,14.592971195130323,high,vegetarian,2266.066991922627
44,92.94325479190921,161.53643345009127,35.618604251867154,low,vegetarian,2062.842308378595
26,67.62988152131516,163.5645016768254,25.279036496413816,moderate,non-vegetarian,2352.8654260399653
32,63.5967839507887,180.2996081758116,19.563456470709543,low,non-vegetarian,1923.4084687280515
32,54.81843437109748,166.6522466789346,19.738051695401637,moderate,non-vegetarian,2144.6413281814744
43,45.177149922013456,165.96351536758004,16.40187805423168,low,non-vegetarian,1528.8521643210117
59,82.34755875942872,160.44877420650647,31.987324912807626,high,vegetarian,2756.304767492915
30,71.09976950782605,174.23599065593461,23.42030005674668,low,non-vegetarian,1979.967164013422
68,50.65058650388419,190.62524919243145,13.938743611181012,low,non-vegetarian,1629.496406989846
49,50.57381841904576,159.32467085745728,19.92322708167915,low,non-vegetarian,1507.8208524594786
56,64.96322951064808,170.2421945667276,22.414713318139167,low,vegetarian,1720.3752133782339
66,95.0353228793409,184.1222055541543,28.033202709404343,low,vegetarian,2125.340416208248
69,66.10612972954593,169.20358608754285,23.089929407395633,high,non-vegetarian,2472.450678616684
49,47.45285570322841,174.52371796249733,15.579497308087495,moderate,non-vegetarian,1980.4526914468383
21,66.31385403871084,159.3760647185312,26.107066224169692,low,non-vegetarian,1865.0867338535143
47,65.90914645378494,174.28307097207647,21.69877815570783,high,non-vegetarian,2724.049184603989
54,29.546700355876425,168.12855734995452,10.452640525180636,low,non-vegetarian,1291.524584395176
40,69.18557700223282,179.85729995679864,21.387470740194107,low,vegetarian,1939.1566737027836
56,66.53598204686983,181.87386051564752,20.114813050345624,moderate,vegetarian,2283.1071730372432
62,80.44309547220128,195.89563642018612,20.962315329420214,low,vegetarian,2062.534418817811
32,97.73434142418017,175.79633173213577,31.624784417746362,high,non-vegetarian,3448.9268776217705
60,86.89847544321636,173.25796316582168,28.94847887270884,high,vegetarian,2973.3246435933884
46,65.96666964167754,171.94384301577335,22.31265758613122,moderate,vegetarian,2256.4735728980386
53,53.40211136887495,166.4683370718931,19.270595958582955,low,vegetarian,1571.3378644656975
30,108.60039704874791,173.3848384346169,36.12510989007585,high,non-vegetarian,3635.386579266903
49,70.88827651021732,167.0459858986097,25.404013186958494,low,non-vegetarian,1809.5042123621804
24,70.2089393786942,171.68460976269614,23.819337663247897,low,vegetarian,1986.1418457645511
68,69.63812369334995,183.1759753560796,20.75439297814935,low,non-vegetarian,1801.4772994907964
39,72.97127141151783,159.93457434720358,28.52772869097453,moderate,vegetarian,2301.4557056778012
45,67.83459382114086,181.39878561129046,20.614959135801445,low,vegetarian,1904.5060179383688
19,61.39506989679646,183.17115067339864,18.298662657761664,high,vegetarian,2994.786703218071
59,61.79711588139412,168.81931473008922,21.6832282069279,low,vegetarian,1653.7102510523985
62,69.50870094676003,148.78145100991406,31.40086358726146,high,non-vegetarian,2366.9479409032137
23,61.84862843299353,163.92178012905566,23.01742568720983,low,non-vegetarian,1833.5968921638398
45,59.30731325984254,182.9699454656111,17.715309035207852,high,non-vegetarian,2720.9435251652903
45,71.59645341537845,169.77131937701117,24.840644647346632,high,non-vegetarian,2793.6635044681875
61,66.17534173868717,160.00697767705088,25.847488374685323,low,vegetarian,1628.1564334421275
61,92.55989482874033,164.95225078771782,34.01781074516881,low,non-vegetarian,1981.8606188527674
37,30.23545287410482,178.40620026504553,9.499409086772554,high,vegetarian,2218.307904715649
47,86.37260277883692,175.46733568201378,28.053266888681833,moderate,non-vegetarian,2588.095313701433
28,88.69127788746444,167.61067900830307,31.570215139577662,low,non-vegetarian,2153.375427211846
45,38.89914651387776,166.33175588185313,14.060142691947686,moderate,non-vegetarian,1805.3474091005396
42,64.85968608879477,166.0824185095618,23.514054557110946,low,vegetarian,1771.9343718872508
56,64.42838701006313,160.77589815501497,24.92501164920083,low,vegetarian,1642.9598802833698
50,48.88732457923268,186.15375689469442,14.107584483590648,low,vegetarian,1682.8010716610002
18,58.33274968613687,166.7767953078866,20.972065229630235,low,vegetarian,1842.818961042792
44,53.34136231801257,182.17158520825495,16.073217749840346,moderate,non-vegetarian,2177.9790460975782
69,96.28405665135433,185.21316051922452,28.06795000799666,low,vegetarian,2130.5073837104355
30,84.03517589721191,179.9831089814796,25.941651132663598,high,vegetarian,3267.44314219146
58,89.07332642491238,165.68379687281953,32.44797467375625,high,non-vegetarian,2945.2625904676424
20,80.82508096064852,174.0373009033661,26.684647466367466,moderate,non-vegetarian,2693.9759103787846
56,53.06422343174157,169.75804393609084,18.41370105824144,low,vegetarian,1573.95601070158
23,62.132196005803394,160.9629813926987,23.980856402180205,high,non-vegetarian,2722.2130687723215
25,77.34061841841877,173.24359281721604,25.768745530941338,moderate,vegetarian,2596.767958937682
44,51.66808286662082,158.20960208840197,20.642232766366664,low,non-vegetarian,1542.5890100624645
26,80.69497645258582,181.87679388461564,24.39449990928665,high,vegetarian,3264.623507348471
54,66.39511902762797,165.35382702701608,24.283297025607222,high,vegetarian,2569.3426965512344
50,64.37768788675604,172.0115965587284,21.758047538728928,moderate,vegetarian,2203.274036039419
68,80.66439952305238,172.83287871546142,27.00406706651945,low,vegetarian,1856.2193846425891
59,76.6639496722906,167.41095026295923,27.354165293621072,low,vegetarian,1821.5495230396814
61,64.5855075127138,175.86693801475275,20.881739428376527,high,non-vegetarian,2592.042187894817
41,87.38994705046372,165.25096343377476,32.00173141224244,high,vegetarian,3063.0923855383126
32,53.78405008600154,178.71297297457244,16.83997116547583,high,vegetarian,2690.633847511968
49,79.23903410416396,156.54020319753252,32.33608118645465,low,vegetarian,1830.9199332314615
49,78.89651886952575,171.26379579546412,26.89841630591154,moderate,vegetarian,2421.5458686253623
41,65.35680341029014,189.38928999058285,18.221325696125838,moderate,vegetarian,2448.3766448160663
58,74.89199533363177,159.99668675394426,29.25589731448442,low,non-vegetarian,1750.6790946581634
69,51.23329635422045,163.22255029475147,19.230562194435304,moderate,non-vegetarian,1781.2108543266017
66,83.86040528810352,175.13907849658915,27.339516912296613,high,vegetarian,2885.8019282724913
66,67.22646795335517,171.79581781939598,22.777975412814044,moderate,non-vegetarian,2123.982811357165
69,62.15915469221441,173.5063009927356,20.647838641615387,moderate,vegetarian,2041.5088921901124
29,85.73513838755333,174.89187130147664,28.02977450512924,moderate,non-vegetarian,2708.1383692646436
56,59.43484464185861,176.3472146856177,19.111902564066156,high,non-vegetarian,2549.733368766654
19,48.873080554546604,181.09699841956223,14.902090956935412,low,vegetarian,1830.7044548012757
20,46.65056239714144,174.09818656928513,15.391054953523996,high,non-vegetarian,2618.314722053004
66,79.0901492701846,167.58742345381458,28.16044719036853,low,non-vegetarian,1809.9874671458244
54,50.793559712555755,176.7257370120273,16.263313999122833,low,vegetarian,1610.9657441408738
66,96.32191272976547,188.99881934895214,26.965403027477212,low,vegetarian,2177.3540978743267
34,38.77105888174417,168.67366253617428,13.62740339119316,moderate,non-vegetarian,1907.8814695027963
66,95.44684552435058,160.25470695329358,37.165500954028865,moderate,non-vegetarian,2439.090560552386
19,73.16526200803928,181.07080669286972,22.315573850040145,low,non-vegetarian,2122.0141942929945
19,68.54930332194411,168.79618836046401,24.05901120518455,low,vegetarian,1974.5630525668091
45,61.826213697865754,148.27330453985965,28.122033240683315,moderate,non-vegetarian,1979.9554355291707
40,75.98704171528107,178.47421677150422,23.855502419062486,high,non-vegetarian,3015.6016895544817
54,69.43547946362727,164.64671814046076,25.613874766922624,low,non-vegetarian,1744.076139616983
49,86.54952823024783,169.09466717695838,30.269474575211117,high,vegetarian,3019.2065138852427
50,71.71341472993059,173.31980330569016,23.87283671154107,moderate,vegetarian,2325.574376939804
18,72.25452642192816,171.90499679779066,24.450517623990947,low,vegetarian,2048.341793046568
36,64.54581681679217,177.0945181713904,20.580592083125573,high,vegetarian,2830.1380321304014
19,69.14581564418398,165.64513629430158,25.200463394311047,high,non-vegetarian,2937.1324649062044
61,74.6170265333809,175.13105798176082,24.328290665480704,high,vegetarian,2764.3308798956655
43,44.34747411015062,167.40453322416082,15.824662642606995,moderate,non-vegetarian,1912.1296106287668
49,49.77721866841431,177.38810480887503,15.819095171948646,moderate,non-vegetarian,2042.1717626094182
23,81.14896141034072,176.15367484013052,26.15167741479814,high,non-vegetarian,3235.4101473376013
49,72.56298157191912,160.64561297955404,28.117543730249633,high,non-vegetarian,2672.396814314527
21,67.24024995470981,180.85982116175032,20.556308419406204,moderate,vegetarian,2546.6645727120567
28,70.27650899598089,164.6403655488595,25.92612056495171,high,vegetarian,2865.1812743523255
34,75.21372558042506,178.08057798281146,23.717231251249714,high,vegetarian,3051.2535627542798
55,61.90360479535958,173.6728731340134,20.523525329613115,moderate,vegetarian,2144.237257561769
41,58.32542911896531,188.38183676795123,16.435385253307036,high,vegetarian,2800.153387780827
22,72.93767882646522,167.76534017628148,25.91477571972067,high,non-vegetarian,3002.2382958595413
69,55.32440833577452,166.50683203881803,19.95504273024981,high,vegetarian,2248.041210480644
51,76.12379133571707,169.80580394112266,26.400694373805035,moderate,vegetarian,2351.286281983781
23,44.46124593643239,166.96820217165725,15.948288631157808,high,vegetarian,2471.6947012869273
39,85.43733455988466,177.99941901942051,26.96562690524299,moderate,vegetarian,2657.8045717053374
28,77.08896223619564,153.8368939156341,32.57400765640356,moderate,non-vegetarian,2388.5553140020047
65,73.84044601470814,159.46317580853645,29.038454145820783,low,non-vegetarian,1692.0591707405213
33,84.74036475918271,159.32197078420808,33.384047468939976,low,non-vegetarian,2013.799157991753
50,94.98211666693865,179.50307591973575,29.478002658365586,high,non-vegetarian,3279.0877041019235
26,85.21555097527195,187.10613372581926,24.341246069802732,moderate,non-vegetarian,2837.353268308635
23,42.38688653002532,168.9555078146253,14.848644485413258,low,vegetarian,1637.8089469699937
33,50.806345498964475,168.3117827680999,17.93448528488393,high,non-vegetarian,2511.0217751224845
46,60.62772133456482,170.7005216311318,20.80662065864377,low,non-vegetarian,1731.7865682482663
20,70.3913657531625,181.6187830260819,21.340169718450227,low,non-vegetarian,2086.837261733564
37,77.76488530703685,160.72646865809426,30.102927321071906,moderate,vegetarian,2395.7839232751867
53,59.11384280269802,172.38368982734787,19.89284265332191,moderate,vegetarian,2105.3047341718566
36,72.80150146715617,179.75197629782429,22.531649584960252,low,non-vegetarian,2005.7578398395563
43,58.66925601470016,175.01094169939844,19.15491272815622,low,vegetarian,1758.6131349218902
20,60.82723295512078,171.89581616598744,20.585785728778724,moderate,vegetarian,2373.931770882944
36,48.900083547276665,180.01046092567142,15.090864278824844,high,non-vegetarian,2581.3191892647833
37,56.151501308336435,142.96767707000762,27.471707304918958,moderate,vegetarian,1905.0944921563682
49,49.724730915754996,176.77875319530906,15.911543430921167,low,vegetarian,1628.537419953878
24,55.36190120534001,163.45924316872575,20.720108653322935,high,vegetarian,2619.430707344285
69,85.80462694911759,151.69367103143543,37.28857478816378,low,non-vegetarian,1753.3580561251767
58,55.759016667520854,175.1120259952498,18.183737812521574,high,non-vegetarian,2451.672592461936
50,109.48573097256086,183.73658545162957,32.43144055648316,low,non-vegetarian,2391.853162557952
57,77.39976851321333,168.62551485372308,27.220311099669978,high,vegetarian,2777.2328753422244
56,72.77254185542311,179.52874547202939,22.57873219048331,high,non-vegetarian,2825.6041399579467
35,57.1246332972818,186.12278257988646,16.49014034109273,low,vegetarian,1871.41646891653
57,80.50464819113486,183.14914453584046,23.999995899376984,high,vegetarian,2996.5115434686327
18,61.365432606433394,186.39964529371392,17.661746093658955,moderate,vegetarian,2532.978163725069
28,71.83014721968043,177.42127491071892,22.818934681885832,low,non-vegetarian,2024.621328466557
45,108.40126807403192,170.75433638901592,37.17841572722446,moderate,non-vegetarian,2889.3409247575028
42,68.55910150413025,153.98034188102832,28.915756456243326,low,non-vegetarian,1725.5617821572755
67,87.23909989428513,167.53937511870052,31.079741173892586,high,non-vegetarian,2852.1217681825133
40,59.45235362311169,161.5675340468381,22.77512971965525,high,vegetarian,2527.7771232429386
48,69.47517264254557,191.70942717497815,18.903520630408693,high,non-vegetarian,2975.2841632843247
47,96.56200953453265,168.24114187567665,34.11472545808369,low,vegetarian,2138.5526784819667
59,60.595494133183486,171.23204806784486,20.666656870238047,moderate,non-vegetarian,2071.7328626337976
52,97.18672836995393,175.51485376040466,31.54853590755721,moderate,non-vegetarian,2713.2526795531026
24,80.61627903183214,170.43602446372455,27.752362390227756,low,non-vegetarian,2101.6655318599196
33,61.56299836158598,186.95051040430752,17.6143431687613,low,vegetarian,1942.8848083713383
43,79.48611608583282,163.77350638265548,29.634935201147314,moderate,vegetarian,2405.168363624887
65,84.58831674440094,171.94607455237244,28.61052662393375,moderate,vegetarian,2393.3192000945055
69,79.32714943325794,162.5752941430195,30.0132310538267,moderate,vegetarian,2196.550624089677
66,46.446629201643155,156.79977488779295,18.891364667997912,moderate,vegetarian,1671.6973275977061
19,59.09294236262697,163.88230909094713,22.002471440754945,low,non-vegetarian,1824.2326265336271
18,66.28722046672743,169.62963202951588,23.037023680376564,low,vegetarian,1959.6688858220984
65,68.8834985634993,165.7069777548274,25.08612625117332,high,vegetarian,2519.1064738847954
29,79.31008146326018,163.07579020126144,29.822868442687234,moderate,vegetarian,2500.986755085729
22,72.66551501399881,155.93682536328166,29.883466820678915,high,vegetarian,2864.2685555888975
54,49.96983461934848,169.16894427371307,17.460900359082487,low,non-vegetarian,1544.4050974850297
49,75.70296776508945,154.95279625969,31.529281182014643,low,vegetarian,1776.5815851287482
26,79.15878617925735,177.60055963689604,25.096344435359295,high,non-vegetarian,3188.864447141713
58,78.3968567189656,170.82439752934502,26.865742930025874,moderate,non-vegetarian,2342.4315776220933
52,86.21171088331933,155.4244850053507,35.688425629368574,moderate,non-vegetarian,2360.2802101749526
36,82.50883231823356,166.90790922950137,29.617377916557505,moderate,vegetarian,2532.3941338000786
65,76.88770118842655,162.47843594409417,29.12496531557919,moderate,non-vegetarian,2189.0508548022813
33,68.94751432812029,173.1917451041918,22.98604418839755,high,vegetarian,2892.462390328323
20,45.08558599726014,183.40450446023144,13.40348470429854,high,vegetarian,2694.8412231282864
37,76.44427328698879,151.24827530354256,33.416741128626214,low,vegetarian,1829.6933442204347
41,73.11531530744666,171.15026079147418,24.960496897305706,moderate,vegetarian,2393.7634245317704
50,74.0736825579306,168.3986720443336,26.120808257103885,moderate,vegetarian,2314.8427887845864
41,50.84877136269535,176.71340076450466,16.28326512774576,moderate,non-vegetarian,2111.9197026076617
69,53.784151893876064,172.13196628237688,18.152283480006478,high,non-vegetarian,2283.5993547665094
28,85.79729279999356,162.4803066826118,32.49915912630296,moderate,vegetarian,2600.212267149389
66,69.40667269215018,166.8094606433338,24.943642237024317,high,non-vegetarian,2531.9265406962086
25,80.22251046058936,162.0397414319651,30.55295113967833,moderate,vegetarian,2534.960232833513
53,70.42477564195688,180.76007138598598,21.55363200862713,moderate,non-vegetarian,2353.497303872972
55,70.44634209243615,170.21311648671943,24.314895116519935,low,non-vegetarian,1791.9544787596296
57,84.07425708963997,189.01190685753008,23.53340188151583,moderate,non-vegetarian,2605.600483133944
37,62.25932907673939,169.3933918618538,21.697590467665215,moderate,non-vegetarian,2244.45298485597
52,71.44181165411476,162.91593233089537,26.91691870230955,low,non-vegetarian,1767.1712323310924
65,63.065870669424356,154.86285607387174,26.29661613575503,high,vegetarian,2292.3928028806954
42,63.482556588515266,151.96860323744056,27.488222962090862,high,vegetarian,2474.332805014481
52,65.36241814797042,154.1586405699451,27.503778842561456,moderate,non-vegetarian,2035.6735275627916
42,73.3320065745057,172.67126651011483,24.595373368968513,high,vegetarian,2884.5278665798946
46,62.818770675047844,175.08725023229934,20.491813235646468,moderate,non-vegetarian,2238.7245310535236
35,88.83634188360281,154.18809297967866,37.36706544787237,low,vegetarian,2012.4467999508236
63,56.580890466707444,178.95038314076115,17.668696586328796,low,non-vegetarian,1643.098559156198
35,67.19692533757961,165.16938948316562,24.631466808355086,moderate,non-vegetarian,2293.916906468372
19,63.40403412588738,171.46793011985548,21.565080342120865,low,non-vegetarian,1932.8578854095645
52,91.704668265306,186.12220628255423,26.472506291292486,low,vegetarian,2184.3725663028285
33,72.94832164767362,178.96839315865532,22.7752224038444,moderate,vegetarian,2524.553510577498
58,85.47766809202952,167.3146935209417,30.534056244472257,moderate,non-vegetarian,2415.7402731392713
53,47.71659440444542,161.08807774584713,18.388344929387294,low,non-vegetarian,1462.7597159471986
50,74.00575398803888,148.48184598670696,33.56748250274299,high,vegetarian,2552.524339135153
21,83.34446193435156,162.8084668075758,31.44291300812434,high,vegetarian,3142.795566403556
50,71.23425983913137,167.88869761172305,25.27237143607531,moderate,vegetarian,2267.470437696874
31,85.98220562598027,160.12820472848816,33.53303886600709,moderate,vegetarian,2558.4350037192808
38,62.24067324849442,168.68743032907696,21.873024361046728,high,vegetarian,2676.0657096750156
65,91.1402116027837,170.7685188295877,31.25319411947386,low,non-vegetarian,1984.4464304553119
37,104.48347185428875,167.7514401819192,37.12915628249784,high,vegetarian,3434.906195423788
25,64.55742159340511,163.4999741917654,24.149647700436024,high,non-vegetarian,2776.408298338653
24,63.31746217898842,171.68654671966726,21.48082558677982,high,non-vegetarian,2855.1879698180487
20,91.80076715676552,174.4194064956941,30.175654722741736,high,vegetarian,3434.6321318983382
34,93.69358218596068,159.09600922557155,37.01615216820246,moderate,vegetarian,2641.928819279143
50,62.15709959270097,184.1093237974627,18.33745981598349,moderate,non-vegetarian,2283.3814044917276
65,63.697197743562135,169.01411867715737,22.298433610465295,low,vegetarian,1641.972263001426
29,65.7732308670924,170.18849622944848,22.70851702679197,low,non-vegetarian,1891.692492125972
68,49.833242334485846,177.08214423256558,15.891672292364802,low,vegetarian,1518.114989758072
39,56.220220802737025,172.332161312635,18.93040377847059,low,vegetarian,1733.1338594776068
39,54.93788849871898,179.53136633913246,17.044775731168535,high,vegetarian,2657.609864292182
63,58.483036523438074,172.87124165201826,19.56971094983124,moderate,non-vegetarian,2025.413438339242
47,69.47972668919829,163.8756262535956,25.87196247598958,moderate,vegetarian,2226.029896465433
55,73.5132209880478,173.615035252061,24.388819870549117,low,non-vegetarian,1854.271416247031
55,93.25750739221115,158.56273792679337,37.092109302302006,low,vegetarian,1978.3106231574839
62,55.024689388918134,171.08559705776523,18.79882479099833,high,non-vegetarian,2357.1573759003854
68,84.76483597714876,169.6677000935554,29.44539470463165,high,vegetarian,2822.5286736411763
25,66.79016733661737,167.9188314272746,23.687199893443058,low,non-vegetarian,1910.873243743968
44,69.2580443552135,168.7146248856107,24.331269147616258,moderate,non-vegetarian,2290.570273630803
44,80.12229238249905,151.1815095450236,35.05548754034886,moderate,non-vegetarian,2289.1610377220823
51,53.15916967656552,164.51275092259039,19.641699377937556,moderate,non-vegetarian,1957.1945850477675
38,75.73614619276076,170.92844901141115,25.922357671272902,low,non-vegetarian,1962.7971218987127
47,72.49678312319584,171.598563919974,24.62019215673073,moderate,non-vegetarian,2343.688283597694
50,77.38676896012223,159.7232485907404,30.33405327001909,high,vegetarian,2739.8483879280298
45,74.33752965861727,182.657078408647,22.281022186289828,high,non-vegetarian,2987.96766595239
64,106.82950209866341,161.33825151785499,41.04086562377846,low,non-vegetarian,2107.9909115678734
50,60.43390023623026,179.69457200526736,18.715899565079972,high,non-vegetarian,2659.374139311403
22,62.035045674972736,174.27194361871685,20.425944930333678,low,vegetarian,1919.460125240049
65,60.65289210362853,163.53772690156197,22.67856653136374,moderate,vegetarian,1955.4595712565715
36,61.66784321259618,187.7531089260951,17.493813227954497,moderate,vegetarian,2415.2030443710846
21,60.439193090402235,158.0636316824352,24.191051461564246,moderate,non-vegetarian,2230.9344433788633
52,87.83524796661328,179.19154173610002,27.354817363050653,high,vegetarian,3128.9393079301644
66,91.30756371984782,180.0058231804298,28.179523525955446,low,vegetarian,2049.734438491397
34,61.438805593757856,163.29379790923355,23.041109300252703,moderate,non-vegetarian,2197.461439305432
61,57.51466640343657,183.92465300064327,17.00194920801119,low,non-vegetarian,1703.6108943460633
45,77.07123334579606,167.49953485401048,27.47040727104267,moderate,vegetarian,2388.876639443289
47,61.71665433578543,172.88693629279857,20.64800127292763,high,non-vegetarian,2632.8778113381213
46,79.49397726633266,172.60321838771222,26.68311005784527,high,non-vegetarian,2958.6777976557505
63,73.04384531276949,168.65691258529452,25.67883615420349,low,non-vegetarian,1763.4529881429428
23,47.26383827504152,178.10808273159782,14.899158157138157,high,non-vegetarian,2647.4650196812227
52,93.21257801995093,177.93488720552213,29.44098289108587,high,vegetarian,3211.5938854212404
58,96.93816509643283,152.5146802676182,41.67460552335926,low,non-vegetarian,1959.1180831643303
54,60.80816964273421,183.04340242878152,18.149044743619456,moderate,vegetarian,2223.1544424108397
41,64.18447660096024,153.37508011964326,27.28477638633163,high,vegetarian,2511.790230163271
46,74.28798086087357,180.32546204341656,22.845698822523808,low,vegetarian,1967.896735656107
66,75.01685184980538,181.26705136827584,22.83079813735511,high,vegetarian,2795.5576611896004
63,79.87816409009245,159.09033569784802,31.56025314622611,high,non-vegetarian,2660.573230222454
48,100.15306808149525,165.89185712045415,36.392686809000246,high,non-vegetarian,3237.038618072024
52,67.34579158758926,158.94295331514064,26.658020971062268,high,non-vegetarian,2532.3324733719387
50,58.02554133192319,167.85078969711265,20.595503947392313,low,vegetarian,1655.187418711423
69,49.31021157978209,166.9196571581426,17.697906565116007,low,vegetarian,1429.6199676434544
38,59.036049400871214,177.7966053226934,18.675419157987168,low,vegetarian,1813.9071327306551
49,69.50309540689304,183.10308746119608,20.730644877684508,high,non-vegetarian,2869.9654512625307
40,96.91836795276681,183.95683810789956,28.640079544575418,high,vegetarian,3454.045051863673
50,62.235830514457426,164.37831973421697,23.03304816834276,high,non-vegetarian,2519.5010462701744
20,73.35681927458347,167.90778126255472,26.01949399056308,low,non-vegetarian,2019.590190764162
35,69.75365655890872,153.1656180777905,29.73338834272472,high,non-vegetarian,2663.6790214355
42,87.82589910172126,161.9412993350381,33.48939990224742,moderate,non-vegetarian,2520.588167791801
59,107.90398638810433,179.6485163309746,33.434144861960114,high,vegetarian,3432.3175637093423
48,62.03696840619519,186.15582823548232,17.901824330979252,moderate,non-vegetarian,2315.7654158005744
20,62.658408362226666,157.65651128120078,25.208995155954693,high,vegetarian,2721.487102433589
57,85.66241315603608,164.07535740847106,31.820249941466738,low,non-vegetarian,1916.5141384359658
63,80.22837234439467,169.73594243041072,27.84712403764715,high,vegetarian,2786.640054541225
41,97.70060988604051,172.80161158819607,32.71912627030725,moderate,vegetarian,2778.024256929946
67,78.75892277988946,161.90396480078354,30.045871061044714,moderate,non-vegetarian,2196.7335117056878
49,64.61061863819411,174.2406104446409,21.281641915144515,high,non-vegetarian,2682.1980029897045
64,78.85982246038463,165.26160652929084,28.874325931309112,moderate,non-vegetarian,2252.224898117871
39,86.63055370874362,169.8554772912172,30.027002366206347,moderate,vegetarian,2599.3534052363157
40,82.30723271796046,175.46284248003698,26.73422994406965,low,non-vegetarian,2063.658111215803
19,77.60911046660947,170.06422269810938,26.834084861414,high,non-vegetarian,3139.1864937527007
44,86.00012034383731,165.6361410947343,31.34648515875184,high,vegetarian,3015.4087535048325
59,87.5394338566851,168.90390196074168,30.684875699619578,high,non-vegetarian,2944.8787064786757
19,90.7323848655629,169.11637040794665,31.72422547549042,moderate,vegetarian,2803.9517455579435
43,79.73064831384464,166.29988970117873,28.829782976662987,high,non-vegetarian,2919.0254287874645
34,67.49322879524719,167.41203937332898,24.081682762294633,high,vegetarian,2792.2635612644003
57,72.20070529649985,185.98647170504717,20.872704693266606,low,vegetarian,1919.3070013458516
50,88.09763449762535,175.6091944794124,28.567336192686,low,non-vegetarian,2074.2405725670974
26,57.74596493519146,167.0451968197084,20.694438999376263,low,vegetarian,1789.7905553701105
60,75.53009963309351,176.96954404510737,24.116983912825994,moderate,non-vegetarian,2342.040969919284
65,64.09991781508958,166.6618051024399,23.077316696084434,high,non-vegetarian,2443.7438280740616
56,70.43117234402226,181.73124637586642,21.325818422533484,low,vegetarian,1872.1584159472652
46,89.17677793910948,173.69642192198094,29.557658848443406,low,non-vegetarian,2096.844499684171
59,72.86648602029855,168.92697855995772,25.534643425776167,low,vegetarian,1787.3501714432653
43,70.69654822234223,174.47716925810278,23.223143011022476,high,vegetarian,2848.406022155816
52,49.60215788530121,154.291238479315,20.836177104019537,high,vegetarian,2160.615274827716
67,81.19380349040831,158.73232531090196,32.22494089334078,high,vegetarian,2644.227122574997
42,79.68226271711613,158.06074993600944,31.89433722626853,moderate,vegetarian,2362.053471406831
41,102.4488208495819,171.42943094763706,34.86070752027424,moderate,vegetarian,2836.3832278778254
30,65.38332647570499,187.32514999485093,18.632658924101396,low,vegetarian,2009.5385426698417
24,73.28725491495908,192.31300146192632,19.815779581589066,high,vegetarian,3266.6918549159345
53,73.74075525566133,176.38051101440757,23.703167653849164,low,non-vegetarian,1889.7428956759927
62,93.66179919645212,175.00844474944458,30.58049319747526,high,non-vegetarian,3096.75738896739
37,68.57056701419572,151.98942265847262,29.68321994311397,high,vegetarian,2611.1512111633397
18,74.18532288655508,164.5732620026598,27.390466975705138,high,non-vegetarian,3024.785009487914
25,79.11844764574809,162.1221624809176,30.101835741077988,moderate,non-vegetarian,2519.171987944824
63,72.79913684734537,163.79152401748885,27.135847026557464,moderate,non-vegetarian,2155.0325903741386
33,63.30349578174208,168.3185618141521,22.344141354467226,high,non-vegetarian,2736.0467444805686
31,72.91134989347461,165.27909422302872,26.69065862462563,low,non-vegetarian,1928.5294053944108
29,86.10447624789659,150.20700189624213,38.16325189063942,high,non-vegetarian,2978.709343794863
68,54.602270508834096,177.47910256117532,17.334696974137575,high,vegetarian,2367.480772972236
40,71.99454511220314,159.27256974260195,28.38034154919044,low,non-vegetarian,1818.4788144159522
32,59.4981877759124,172.3924686411115,20.020142319306693,high,non-vegetarian,2722.3826521789274
45,87.92569943387264,190.74082669749973,24.167320997766875,low,non-vegetarian,2215.6645934377193
51,47.15219642824338,160.80615408413576,18.234614957341304,moderate,non-vegetarian,1832.3406409624233
19,61.61617229092617,144.6971247725367,29.428959863748368,moderate,vegetarian,2138.278129106424
49,75.65817812596781,167.1399577811989,27.08290852488084,low,vegetarian,1867.4478208706055
40,93.4828604385151,181.0095963499857,28.5317751543551,moderate,vegetarian,2799.2078723588425
39,69.01374608390519,189.58347454220595,19.201477370808835,moderate,vegetarian,2520.051265091759
68,61.67200709960203,157.70450405547584,24.79704263099363,low,non-vegetarian,1514.8478656112932
42,98.21735604160885,174.96699223236521,32.08307501064184,moderate,vegetarian,2798.575892802557
39,48.27979149375634,165.34689543219946,17.659292330293557,high,vegetarian,2378.1888204998577
39,37.017910650698774,168.94051645695865,12.970128171872036,high,vegetarian,2215.903201853363
66,76.60021675079999,196.44343347017036,19.84974656195292,low,vegetarian,1996.528352035877
69,62.46918663471083,154.97029671604847,26.011711121841167,moderate,non-vegetarian,1872.3843312336169
59,54.681507743039305,172.53739661494572,18.36851297695488,high,vegetarian,2394.312851292847
23,80.6253467094903,174.67693171765433,26.42411712895212,high,non-vegetarian,3209.371722594437
32,73.65701070656799,180.85786324939346,22.51849172569837,moderate,vegetarian,2560.3976285615836
60,61.538820538949075,170.97983153470895,21.050353752109174,moderate,non-vegetarian,2076.0182287221323
54,50.795434019936586,173.08050539504103,16.956193584566616,high,non-vegetarian,2375.47349805307
50,83.08685992420217,166.0835143257821,30.121687199808104,high,vegetarian,2914.0030148006877
25,79.75301766937991,172.69126941245108,26.742768257236207,low,vegetarian,2102.2207326259418
61,68.51236204330925,166.5680772450259,24.693656094169384,low,vegetarian,1705.4089238574052
61,97.69955494071499,176.2157188985605,31.46322915329269,high,vegetarian,3192.018826541675
22,53.94872850510771,166.30389663956365,19.50636574497078,low,non-vegetarian,1762.6639668580199
56,47.117122436128916,173.77100393902185,15.603575931642034,high,non-vegetarian,2299.0319981643165
21,59.62137895178133,169.70737186315023,20.701442115442646,high,vegetarian,2793.392754592504
23,69.31620975466754,181.26050250772167,21.097376240558173,low,vegetarian,2053.248285863923
62,73.65009173984038,169.48606276411513,25.63924959822659,low,non-vegetarian,1782.9465716089478
49,66.38145913215506,152.2696753179312,28.629907905332395,moderate,vegetarian,2055.750093087931
69,75.28083094771445,182.61921500713993,22.57311327466055,moderate,non-vegetarian,2323.7676049076535
47,51.22690863714334,160.94267699137382,19.776785674546787,moderate,vegetarian,1924.7412263512795
64,91.65646906109889,163.4623366135118,34.302653571697434,high,non-vegetarian,2912.767730001788
52,68.76773232411146,164.04338705956508,25.55449175715422,low,non-vegetarian,1743.5381908360755
57,86.75943747382192,183.74438093170818,25.697365036594224,high,non-vegetarian,3115.7941600105114
69,75.14088019566556,148.64325786021305,34.008372384313475,low,non-vegetarian,1602.5149962995847
33,76.85129828730676,201.37748533659993,18.950880012308023,high,non-vegetarian,3351.8200792082707
30,78.54650920348305,180.56056809066052,24.092455403794062,moderate,vegetarian,2645.9529639021885
67,76.71562840025972,172.2323891412916,25.86152881702963,moderate,non-vegetarian,2262.9130742035045
59,79.64084139801317,169.45105999383713,27.736219134457027,moderate,vegetarian,2340.7163084124204
47,89.93728795198648,172.85554074857657,30.100463090500007,high,non-vegetarian,3140.496016557243
36,72.94781754552206,175.2112242837934,23.762298912147454,low,non-vegetarian,1973.4579926747151
34,80.63505636382769,176.45215585950058,25.898222406318734,low,vegetarian,2087.0118453121863
36,68.6539645856916,175.55604466003447,22.275837788074153,moderate,vegetarian,2405.647387473197
45,91.6017582317421,170.89580681255248,31.3646897633238,moderate,vegetarian,2638.674562343811
43,59.85411546911095,168.02661579692673,21.200097404945964,moderate,vegetarian,2150.5612551328527
54,97.01410649366224,168.48726716346488,34.17438563410532,moderate,non-vegetarian,2629.779727062417
43,69.39763074033485,168.0509171964732,24.573265302524675,low,vegetarian,1835.1534478575672
40,48.53837346822928,181.33770096867065,14.760769830762193,high,non-vegetarian,2553.739858325672
26,71.92156622366184,175.93556722280863,23.23549052625671,high,vegetarian,3039.8633232825105
29,59.78422513787679,140.5961136533572,30.244051749964544,high,vegetarian,2396.822331082051
18,82.60965323483086,176.55900776529762,26.50031523789219,high,non-vegetarian,3311.2625955865537
18,60.210640310464136,171.94736194718774,20.364896695679555,moderate,non-vegetarian,2380.166122911847
64,63.307248501778304,169.81291243554102,21.953916963419665,moderate,vegetarian,2061.6047816098717
51,41.65688903581704,166.11481546911114,15.096285383826558,moderate,non-vegetarian,1799.6797305601724
49,63.21540521126385,181.24112719986013,19.244623412138992,high,non-vegetarian,2735.8399748011757
65,33.64181010056565,179.47526462122858,10.444079051148279,moderate,non-vegetarian,1699.7077573325023
42,46.24145764771415,162.2712233217639,17.560969769088093,moderate,non-vegetarian,1899.9145833572488
57,81.40621984216446,174.07052287124534,26.866254270280443,low,non-vegetarian,1940.4035596403135
62,81.78700237976248,160.28343265458713,31.835158859477975,low,non-vegetarian,1811.569773466553
18,76.38186342677447,156.2038183521107,31.30451340833089,moderate,non-vegetarian,2475.138748452655
33,55.495357853061805,163.73282775410036,20.70070476406977,low,non-vegetarian,1695.9405023924942
56,69.2843296578703,178.62393472382757,21.714794108094214,low,vegetarian,1835.0914663231506
22,69.94596191364147,179.53125045376086,21.70113933787648,moderate,non-vegetarian,2567.2949017086303
39,52.62452966211187,175.13085420097292,17.157851131924613,moderate,vegetarian,2138.7197030657994
46,92.55097452650726,177.25095786847996,29.458037756360998,moderate,non-vegetarian,2704.992347914608
20,83.16043435863507,175.1617828711496,27.104289982629062,moderate,non-vegetarian,2739.5482297965536
29,66.68553739255503,163.58518404777047,24.919752315023242,high,non-vegetarian,2779.6729936034085
43,70.40328758491796,174.3192254467394,23.168737259444644,high,non-vegetarian,2841.3504628043415
33,73.12574211921329,178.0040952522768,23.07864455948622,moderate,vegetarian,2518.1745247782947
68,39.37397697363564,177.54291329813574,12.491155047609158,low,vegetarian,1396.0595734196459
54,66.29233926219105,181.88913371474644,20.037790663628012,moderate,non-vegetarian,2294.5957175086132
39,59.770236280033025,177.08303847201063,19.060357507827256,moderate,vegetarian,2264.207029875595
46,54.975699851576266,173.51448207541583,18.25993848896064,low,non-vegetarian,1685.0670137845339
31,65.78349560671067,180.70150238316427,20.146212965937476,high,non-vegetarian,2937.9948227313903
45,96.96529790274283,169.7347874075094,33.65693891500314,moderate,vegetarian,2708.243100486543
22,79.61264291900515,161.1812534877228,30.644531328100523,moderate,vegetarian,2540.2638952324787
64,61.432315153258045,168.36933036056237,21.670598872039893,high,non-vegetarian,2423.936639314972
66,78.58874172034238,162.5509735519355,29.742754439776192,high,non-vegetarian,2649.2958034254375
47,90.99033154879004,163.24821725025618,34.14273859202151,low,vegetarian,2034.2456079624017
63,83.86950524369153,168.5548132928448,29.520367746747766,high,non-vegetarian,2838.892743930952
69,70.89445554880261,162.0758007900004,26.98832425920275,high,vegetarian,2478.4529587659513
22,60.295948334416394,166.92038470360959,21.640603911459245,high,non-vegetarian,2765.1813979351027
29,80.47334970420386,151.06385333046214,35.26395042396683,low,non-vegetarian,1924.659096428912
33,75.90228078132624,172.13293707372938,25.616917401954943,high,vegetarian,3005.736596143328
43,83.42789830041599,170.01205475362224,28.863691266998018,high,vegetarian,3027.3377853857382
43,79.52757702522955,161.8291136893181,30.367178327569004,low,vegetarian,1910.0492769726402
65,85.74329072979003,176.59245668432405,27.495134630466243,high,non-vegetarian,2945.044370834866
38,61.97147182659148,179.3757013762656,19.260368248814082,high,non-vegetarian,2791.463133361635
56,89.76091098451488,153.92440135631026,37.88543735576611,low,non-vegetarian,1895.5639419865056
53,72.963994070386,162.37275221433785,27.674660083902385,moderate,non-vegetarian,2219.204463065207
50,101.12891308937898,162.308576502127,38.38772737496211,low,vegetarian,2130.8612808385
47,59.66218272865648,160.60096898891135,23.13144775626057,high,non-vegetarian,2457.6801902410693
54,96.03945704747873,178.29474841931747,30.21152119900901,high,non-vegetarian,3248.526146571939
40,72.96866175193972,168.06173861227197,25.83441770828,high,non-vegetarian,2844.130470922975
27,60.22872994578327,167.3548515868939,21.504388192365962,low,vegetarian,1815.9061462511033
22,62.741712489185176,149.96137635593246,27.899571475873838,high,non-vegetarian,2618.4163088095734
53,65.1947903770852,176.35418030209226,20.962417961732307,high,non-vegetarian,2680.4907551860715
51,76.36248919602875,157.60741605146526,30.74162205110804,low,vegetarian,1792.4054907383343
69,77.8425323205325,170.5993263026633,26.746215042217607,moderate,non-vegetarian,2249.5066688954557
48,61.394499940921314,172.77376937958192,20.567137418640865,moderate,non-vegetarian,2180.6715870474004
27,69.63468111608526,183.60658595838652,20.656135822977173,high,vegetarian,3075.9983521213835
36,102.13405537917795,156.9117960088089,41.481971599579474,low,non-vegetarian,2186.4471346162018
49,95.91314755151068,139.80487844179174,49.07196974503176,high,non-vegetarian,2858.2415383973494
18,76.54485504511048,171.83849544753696,25.922392486863103,low,non-vegetarian,2099.326976397853
22,70.570052172523,188.00511181510853,19.965542852591735,low,vegetarian,2124.87896468359
62,71.80046990077392,182.38946352939436,21.58379436276631,moderate,non-vegetarian,2321.908269099681
21,79.20276959095625,172.09659415274626,26.742119012744023,moderate,non-vegetarian,2643.9471140463397
33,54.658111522023916,165.08363814367954,20.05610338608993,low,vegetarian,1696.0246243418833
41,66.13935193864982,178.0712259663731,20.857989178635048,high,vegetarian,2824.809627017394
33,44.97123889183615,160.2645380029553,17.508945062529204,moderate,non-vegetarian,1929.5486271552481
19,75.98834683907918,174.76357769356218,24.879700191454592,high,non-vegetarian,3162.880492156
66,79.70793909554112,175.05470159166626,26.01081866157407,moderate,non-vegetarian,2341.756913854988
45,62.75220306550939,180.60209907498879,19.2390396660446,moderate,non-vegetarian,2296.927724810661
49,93.60980144935048,197.5966003891108,23.97520820538134,high,vegetarian,3466.9381804658055
44,51.613515054964886,173.92415967178766,17.062537134992557,moderate,non-vegetarian,2074.7417227474825
37,48.0343767968527,164.910363742925,17.662666192834028,moderate,vegetarian,1989.0503120427122
41,73.36677727839958,169.74425687808005,25.46298205701165,high,vegetarian,2861.224880889593
29,85.70647453918232,152.30924095110882,36.94546385829454,moderate,non-vegetarian,2495.99625200438
67,95.25891537186803,163.05286868910943,35.83015972992015,moderate,non-vegetarian,2455.004374538422
52,63.1167360569659,165.90717561886896,22.930535245409693,moderate,vegetarian,2112.1308122813853
50,86.18021250146944,164.75911602065406,31.74743584688696,high,vegetarian,2954.7838802588085
50,69.42237295748939,171.52354872033723,23.596736756488458,low,non-vegetarian,1819.495090892402
68,67.41059050088771,161.775800676178,25.757340286114427,high,vegetarian,2421.368386622981
60,83.25489906230008,181.2103066732447,25.35385533076944,low,non-vegetarian,1998.1360887969363
54,79.78484317620129,170.00207064918197,27.60653965632077,moderate,non-vegetarian,2385.5420599791005
29,46.35411764523626,169.90699678861372,16.057051178402443,low,vegetarian,1656.551887657438
20,92.14810524588843,166.72105283487082,33.15167844531448,high,vegetarian,3354.2777388182885
18,90.70137031221178,171.5519068385898,30.819298485778866,high,non-vegetarian,3400.5836175539475
50,60.61655947735706,178.25098264667633,19.077761596224693,moderate,vegetarian,2205.3513544729467
57,75.93705300156114,161.328697842891,29.17631787641716,low,non-vegetarian,1779.2098698404163
27,77.41045279424108,163.41883510924742,28.98647381528688,moderate,non-vegetarian,2490.708371062811
60,73.9101064873586,166.96273971223334,26.51335598571966,moderate,non-vegetarian,2223.9272821125664
61,61.7454226923187,156.54129076526786,25.19689040870404,high,vegetarian,2323.507129571
46,59.92564948092922,161.80742140278502,22.8884232502905,low,non-vegetarian,1656.6634542920385
30,69.61668893512832,165.2377912645534,25.497323934463036,low,non-vegetarian,1894.6837017056903
29,87.59093528889046,178.74389180712728,27.415536207201253,low,non-vegetarian,2217.6704120201402
48,78.15400231891648,172.62561329001926,26.226525228394927,low,non-vegetarian,1944.5401275021422
63,64.44078501870841,171.93589911367545,21.798554425002237,moderate,non-vegetarian,2106.0108294713336
19,81.57548065972517,178.5089796216797,25.599972947965064,moderate,non-vegetarian,2754.653893849125
68,27.27186069054887,168.62628211600602,9.59100771301123,high,non-vegetarian,1775.9391662349478
67,87.23148550558155,173.9046484992889,28.84369446347184,moderate,non-vegetarian,2436.3283622645563
52,43.904293318328506,168.96778247067505,15.377976123928244,moderate,non-vegetarian,1852.637360437506
40,64.56338587895301,172.6536234939963,21.658825544216366,high,non-vegetarian,2744.4942101286124
34,53.20495158060784,164.17241342388417,19.74020630169725,high,non-vegetarian,2498.6287794696377
43,50.57977786418642,145.6118284172357,23.85522994623054,high,vegetarian,2161.5690712492574
25,87.41240181067779,168.65720837813697,30.730047972674797,moderate,non-vegetarian,2704.847355705201
46,62.98448198032163,184.2274813609994,18.55772489497863,moderate,non-vegetarian,2326.899867464194
43,75.19755822596073,179.26215402241593,23.400574372812688,high,non-vegetarian,2983.2552808194723
27,69.29619131681224,179.6539748459117,21.470180945413016,high,vegetarian,3025.438660719127
43,77.15561240834683,182.36130721806217,23.20075560981982,high,non-vegetarian,3053.3657295534426
51,71.15232836590383,170.88657590961438,24.36538178142321,moderate,vegetarian,2286.846574641192
68,50.755116637171454,171.97315707405596,17.161628715220903,moderate,non-vegetarian,1863.5750971268465
58,84.9440022917071,163.8234810456565,31.650488681736526,low,non-vegetarian,1900.0041353429087
24,62.593651252580315,166.83927143972952,22.487113734942852,moderate,vegetarian,2323.022938536169
21,46.651271520103734,176.1577114977114,15.033502218135204,moderate,non-vegetarian,2193.7476180926
67,63.578272585511314,182.03884437168816,19.18582966188965,moderate,vegetarian,2157.788254767246
62,92.51139685951466,168.60553724319,32.54254932825145,high,vegetarian,3004.0174374571516
28,82.7533261317024,165.49810735148588,30.2133857444746,moderate,non-vegetarian,2582.844648395716
46,64.7702179838821,170.00527958856597,22.410448135384136,high,non-vegetarian,2664.423319081245
53,64.76113443522357,176.01206748929116,20.904007818267438,low,non-vegetarian,1779.2241193923662
42,65.17547423173926,155.5614518386646,26.93272051920853,low,non-vegetarian,1696.8165795708558
38,101.15121975341262,147.03819046862762,46.78545154107602,high,vegetarian,3132.901598333488
53,75.7290317834733,164.49463150508416,27.9871674850769,high,vegetarian,2736.6871765347164
27,76.45062470786604,157.79287574085842,30.704798821520328,high,non-vegetarian,2908.2810968262456
54,85.45425181047763,164.9185980235269,31.419148266890556,moderate,vegetarian,2422.925633627729
26,73.5818373853977,168.5221968118253,25.909343245614902,low,vegetarian,1990.8985247134624
41,66.11436781268945,165.46751590976987,24.147398841769483,high,non-vegetarian,2682.568174613321
52,67.05475226372532,184.52467534470745,19.69339820576733,moderate,vegetarian,2345.740115312512
66,68.92598110878905,173.26744764602321,22.95879026827249,low,vegetarian,1730.6176306506427
52,69.44166645235238,173.00474359610828,23.200861532051366,moderate,non-vegetarian,2273.544467998801
65,80.9144431545547,176.222071440434,26.055862024540545,low,vegetarian,1902.6388536579113
53,70.77918828710949,158.6116688221923,28.13424782145178,moderate,non-vegetarian,2151.172219514695
35,80.98960115823368,180.39111787420268,24.888513610931227,low,vegetarian,2114.8085979553243
66,68.78925129837127,169.2423571346454,24.016098265376144,low,non-vegetarian,1698.7886940902956
56,71.17952785474137,176.70480617241213,22.79598586192781,moderate,vegetarian,2304.3004756874843
49,40.026989732018386,159.28142766959846,15.77693551333871,high,vegetarian,2071.401876459314
41,83.74491512053721,154.46241233983935,35.10046099106076,low,non-vegetarian,1917.4070739952413
40,75.19732713846989,178.1788965802503,23.68589903942275,high,non-vegetarian,2998.0644750202737
49,84.97015164789478,173.76409526097515,28.14143934460089,moderate,non-vegetarian,2536.090667790064
54,26.55616932709466,160.9794844564249,10.247651903779635,high,non-vegetarian,1803.030248022484
29,101.32562057171091,161.30336918725305,38.94326813196708,high,vegetarian,3377.5240736473934
66,67.9061555776724,181.2543478441477,20.669609798567922,high,vegetarian,2667.4222136447647
30,86.62274225106275,158.10588107132673,34.65260425774864,high,vegetarian,3067.9005225715555
40,54.401411093117034,186.42672953255965,15.652863683404796,high,non-vegetarian,2716.5261069174026
42,79.19160857593855,160.99379265352133,30.55349538430706,low,vegetarian,1905.7527478126724
52,54.198766552395156,176.38391925608383,17.42093363123667,low,vegetarian,1661.2645930493707
58,60.64346558956292,166.71381524251015,21.819300878549022,low,non-vegetarian,1630.075201393581
47,98.71047030800179,176.03187431082344,31.855218972330515,moderate,non-vegetarian,2778.455876283997
34,67.1397639885498,164.55885997885807,24.79346754555651,high,vegetarian,2753.80292655605
66,73.26149309769585,168.37207093927705,25.842567433861895,low,non-vegetarian,1745.928449216928
37,83.05101596033131,170.4091917539572,28.599531333767825,moderate,vegetarian,2565.8514120983186
65,77.43522831958907,159.97812544218527,30.256408566289668,low,vegetarian,1739.0586806514584
42,72.25628357715364,177.40824345420125,22.95768160983946,low,non-vegetarian,1945.637228832353
39,75.47441503699338,164.86786433528414,27.766921424004575,high,vegetarian,2862.3029444378276
30,106.05123377857413,167.71400084659982,37.703102339801376,moderate,non-vegetarian,2938.087264615485
36,69.13571804449622,160.05650625391488,26.987074763934,high,non-vegetarian,2721.0786201574742
66,73.01648570072452,144.3766634120469,35.02893428377505,high,vegetarian,2344.5342059985687
53,85.75981594011418,168.0897223739983,30.352992912018898,low,vegetarian,1971.7907090863573
29,86.58288899436975,194.12615421612915,22.97544706876879,high,vegetarian,3481.4112368301085
58,87.8054545834057,177.84604287898023,27.760870661203512,moderate,non-vegetarian,2549.3884707415255
36,79.58095333043777,169.80739620265607,27.599164317959318,high,vegetarian,3018.7903672277607
29,52.854926309042746,167.37109170791732,18.86794379443002,high,non-vegetarian,2573.3134552768397
26,94.50147298451644,170.22465892812048,32.61321642628302,high,non-vegetarian,3382.053926662651
24,52.804819104719684,175.4711911517521,17.149912585549153,low,vegetarian,1805.691762894777
45,74.5395319785855,158.19187184691154,29.786421554163038,moderate,non-vegetarian,2263.6417782435783
31,58.68586224970963,181.1432169466887,17.885016187341446,low,vegetarian,1876.8044740966807
48,69.0379248011051,177.15381315441243,21.998178362182003,low,vegetarian,1869.1086962713543
69,74.93143615455222,177.18185725707934,23.868523636999832,low,vegetarian,1814.0411632827218
36,74.8203582317541,174.38475738809728,24.603831284496703,low,vegetarian,1989.7299791917787
64,76.32881131352927,170.1961665769399,26.350505503623072,low,vegetarian,1808.4169850894004
33,94.20566903587971,176.7286123596682,30.162219997052546,moderate,vegetarian,2822.415776410085
22,76.8030145227097,175.91814133741377,24.81744172522292,high,vegetarian,3163.533351454679
52,66.33765047064027,166.45959289058976,23.94100787140061,low,non-vegetarian,1732.4987523271063
29,84.46130752432536,164.26398227103098,31.302073423179454,low,vegetarian,2071.5155573246366
42,87.8420573338696,171.01856295261987,30.034194795282655,moderate,non-vegetarian,2605.929887688855
69,51.58588277294511,185.49020151495188,14.993013112670267,moderate,non-vegetarian,1995.2588807968505
38,78.96100104774787,157.60892924346098,31.787107340101166,high,non-vegetarian,2852.3984728483974
53,80.51759113466348,155.3247473424756,33.37409223231461,moderate,vegetarian,2266.4333733556605
40,65.53654744960012,171.64760841236517,22.243752031053468,high,non-vegetarian,2750.6934487319104
33,90.6356021996743,170.50887701856018,31.174883298014247,low,non-vegetarian,2168.443804035293
56,67.7491661945121,171.7334166437041,22.971763368779285,low,vegetarian,1764.9906191619257
62,71.88364680207314,172.439531979085,24.1744404596298,high,vegetarian,2675.850377202023
59,67.40392263574195,167.76797745365195,23.947877817702725,moderate,non-vegetarian,2141.383628164116
56,70.23368571372201,184.89863438602083,20.543671062924883,high,vegetarian,2840.3159796897303
31,53.55587369657197,153.99096021523485,22.584821090909063,moderate,vegetarian,2014.5033574664064
48,48.39923676108558,161.71502975219755,18.507073213892298,low,vegetarian,1505.6535642745087
22,93.91757594837458,168.96745239850952,32.895823484035716,moderate,vegetarian,2827.8335054616455
52,57.295579775225086,153.56811188845833,24.295118912997296,high,non-vegetarian,2290.961694699208
40,55.129114758155396,168.2414559556793,19.476682411692575,high,vegetarian,2525.0404451481895
46,37.699148295944276,186.6147016572802,10.825297215436597,low,vegetarian,1576.0000419809328
60,60.41557378465747,170.20886488295963,20.853768765393962,moderate,vegetarian,2051.941715047609
28,50.153653098887524,172.30700905718683,16.892607209625922,moderate,non-vegetarian,2157.6830063944394
35,94.63022740204553,157.3983523482742,38.197023340608794,moderate,non-vegetarian,2632.5629642957533
64,85.1472563401395,163.83638591960522,31.721224234372322,low,vegetarian,1866.539970478713
29,59.67774482233414,166.24803619676064,21.592322357594682,moderate,vegetarian,2236.241511679643
26,103.78653708016463,166.82284903243766,37.29322606868383,high,non-vegetarian,3510.9147190578874
27,84.72648230487391,182.81643795003768,25.350626115418216,moderate,vegetarian,2782.301340354712
61,65.12752924737066,175.57691060725125,21.12660908685699,low,vegetarian,1732.3571805228323
34,32.50891427689641,158.8854204306297,12.877583372348006,moderate,non-vegetarian,1722.1845306905993
55,104.36413858886112,172.46504778432003,35.08723185599541,moderate,vegetarian,2769.8219018109176
24,49.15641299854606,174.98221748496786,16.05433616897249,high,vegetarian,2637.365380679718
63,45.31901879564662,181.40149038521267,13.772056527541451,moderate,non-vegetarian,1907.924254296068
30,85.3385564801446,185.80540686568372,24.718869067125116,high,non-vegetarian,3356.404843881545
57,106.5962860950891,159.84905808172132,41.71784928034437,high,vegetarian,3204.035053130968
59,90.76409227765777,161.89142488789662,34.63110727269816,low,non-vegetarian,1949.3547939911177
26,78.4586368007854,157.42422141085385,31.659033325315875,high,vegetarian,2949.277953286243
67,78.92131512497929,167.65980140893018,28.07607661125176,high,vegetarian,2703.7564381000916
44,82.80123338170462,174.66358374446335,27.141389180320566,low,vegetarian,2039.5916786639307
19,81.38392884680148,179.873345165891,25.153882557390183,high,non-vegetarian,3317.4858523587004
22,74.21787135954064,169.24048976357477,25.911941068078264,low,non-vegetarian,2027.9181295412984
46,71.56301655927814,166.80152476745155,25.721044826154493,moderate,vegetarian,2292.2095430840304
54,69.06110308150717,171.5175799224874,23.475574560869443,low,vegetarian,1791.1150863967416
55,58.690531166999854,161.64857098369976,22.460752415610845,high,non-vegetarian,2379.97598457262
36,65.78987384699839,190.89538721694774,18.05378162919305,low,non-vegetarian,2005.1938902910886
25,44.605647787069216,153.92338972881942,18.826977907598675,high,non-vegetarian,2309.5397946164644
65,68.52490559807875,171.84740578895725,23.20398014071557,moderate,vegetarian,2151.4430132426555
62,55.17113339273624,190.2360621922964,15.244957239507812,low,non-vegetarian,1716.824067155058
18,53.44616024176343,170.06799844559998,18.478695477596105,moderate,non-vegetarian,2261.079889053951
39,72.69841226730217,168.09960964998507,25.727140369894492,high,vegetarian,2848.692029373771
69,90.880034295169,166.42554577189574,32.81168265831824,high,vegetarian,2887.1280072468694
34,83.7747490900347,168.19608318237593,29.612929972644594,moderate,vegetarian,2578.459516185295
24,46.44249094565234,183.7284847467653,13.758228513331982,low,non-vegetarian,1791.273526948568
42,55.15557795144494,147.88138088670493,25.221008307175705,low,vegetarian,1518.9772920676262
62,84.11156781982324,185.33433701296326,24.487471898342797,high,vegetarian,3041.0195121526554
21,55.26268909692536,155.76042847549854,22.778113234388837,moderate,vegetarian,2131.694353411679
53,66.63050275004463,167.33347670765585,23.79618962901686,moderate,vegetarian,2170.7088853849427
23,78.25078148536828,165.70755579701338,28.497322716175734,low,non-vegetarian,2043.8160463020197
48,55.47483317704547,175.8855326977072,17.93229059448123,low,vegetarian,1696.8394933573497
36,71.5806325921894,154.0187564811625,30.175071429971677,low,non-vegetarian,1798.1082647149917
61,49.989617576226934,174.62172666081943,16.393936854686483,moderate,non-vegetarian,1929.4229510885864
56,60.97948534073179,190.24309623286854,16.848682389434956,low,non-vegetarian,1822.5770458352956
44,74.79672901213806,156.3682599540719,30.59041712692232,low,vegetarian,1806.322697801196
27,46.10509399702496,171.89706167610396,15.603140009676798,high,non-vegetarian,2520.7336358026187
43,76.60712106940599,163.38017822203392,28.69924096607721,low,vegetarian,1886.6367894981263
36,69.70543301609978,174.25887206193036,22.954975426270654,low,vegetarian,1927.406736657675
56,78.28734931625722,170.19147777415753,27.028128201693487,moderate,vegetarian,2349.8553438765853
20,73.35871201096992,163.5851309095569,27.413472134918358,moderate,non-vegetarian,2483.991282441645
62,90.46210644960766,174.87872284871074,29.579630893529437,high,vegetarian,3037.703548140934
30,71.87836753971861,188.04348109786744,20.32739097527672,low,vegetarian,2092.8665187106294
67,63.558916883121206,168.090962082727,22.495091389678347,high,vegetarian,2432.0838273268605
45,71.83446254548426,177.1975794214818,22.877958971993117,moderate,non-vegetarian,2401.2442452586556
37,78.14947043554582,157.06727042128836,31.67777330426595,high,non-vegetarian,2840.697260079319
45,70.73290105488556,160.4356362318199,27.480193657131736,moderate,non-vegetarian,2227.5776054965954
25,70.60887536805824,174.72406277880378,23.12884017567723,high,vegetarian,3011.605462886591
58,59.470124682898664,184.84116028535965,17.40610010993941,high,non-vegetarian,2627.9252975024724
56,60.05648623673577,173.5561334878566,19.93792630880065,low,vegetarian,1686.3488359997536
18,48.9609209230046,166.86941969476845,17.58312512836623,high,vegetarian,2596.577548180228
20,96.24365114780409,169.99291405423355,33.30507782412952,low,non-vegetarian,2309.8706691804005
30,51.34205146913072,157.49592266030282,20.69829572997934,low,vegetarian,1617.3240375818398
45,59.60642203306139,176.04515326355366,19.2329059367433,low,non-vegetarian,1765.615713873389
66,59.22389101646204,178.82333062323409,18.520323923393327,low,vegetarian,1655.8616718718
42,83.42386565416662,165.4790966716692,30.465199550815374,high,non-vegetarian,2985.2694193312777
50,65.57575482561958,165.29957852240497,23.9993680424748,moderate,vegetarian,2158.31987103184
55,88.716131090106,172.65878229652049,29.759473718812885,moderate,vegetarian,2536.9180503814696
23,59.897640636341976,165.63280263959405,21.83318098432695,moderate,vegetarian,2278.7721342913237
61,74.18491243335703,169.33867385374177,25.870408101420143,high,vegetarian,2691.3885046550217
62,57.46979420110364,190.99721789166514,15.753808406878637,low,vegetarian,1750.1166646007323
49,102.17723691660082,167.52974299254004,36.40577744149343,moderate,non-vegetarian,2735.749894304075
62,52.18602371455731,166.41659847978778,18.84347195068031,high,vegetarian,2253.5351597596446
64,74.64731065340541,163.5245819436484,27.915670968625232,low,non-vegetarian,1738.202092418228
38,79.50665321398148,177.44191971499936,25.251723059369517,moderate,non-vegetarian,2571.117795537841
33,76.20698646177247,168.18775826781896,26.940523103708166,low,non-vegetarian,1977.8920245499119
38,67.22068511683437,163.50626961678574,25.143985293762896,moderate,vegetarian,2256.1815544098818
28,68.05268950399861,183.2130403227301,20.273677337514112,moderate,vegetarian,2528.4125955855743
54,70.65717207968665,184.19603004513638,20.825513575610657,moderate,vegetarian,2381.6953628684532
53,67.79496997557267,163.99576434261294,25.20764129124006,low,non-vegetarian,1725.507872276469
52,84.45818675192365,151.33460048639384,36.877823725651744,high,vegetarian,2754.7616170065567
36,103.15784502387027,180.0751368983692,31.81227689342874,low,vegetarian,2372.457667024212
37,61.637623224882496,163.15370174239996,23.155385738233033,moderate,non-vegetarian,2176.630302208237
35,49.45295530631383,177.9062559916277,15.624632449664892,low,non-vegetarian,1717.7323836129738
64,68.67576927473118,150.29896182288164,30.40125914589824,high,non-vegetarian,2351.0271674525798
58,108.69564006481477,178.9259733829931,33.951998828719795,low,non-vegetarian,2298.2924811502257
66,57.944881480454036,157.8882807071922,23.244236615380075,high,non-vegetarian,2225.2510246040847
31,94.58675208166102,177.30764119066524,30.08675908490518,high,non-vegetarian,3418.272500864882
32,95.1655122111466,170.14273067836433,32.87401826591809,low,vegetarian,2226.0566266214914
48,61.69617637438008,160.46060580603356,23.961907890351185,moderate,non-vegetarian,2069.760825047266
18,78.53474618777913,165.9296368707322,28.524229300127526,high,vegetarian,3118.333846175762
20,94.42594934692806,176.863184569567,30.186758386692116,low,vegetarian,2339.5852764348892
33,64.3130838851877,171.05894453115235,21.9789913938485,high,vegetarian,2785.0486359088422
40,66.94629459846458,175.84412980472484,21.65064278222851,moderate,non-vegetarian,2352.733135896264
28,61.274786290770344,189.76440584515487,17.015796978662536,low,vegetarian,1990.5304793279056
29,54.778649039607,154.3575838828895,22.9908682806333,low,non-vegetarian,1641.0256675969551
27,60.26083682400989,186.17212574968624,17.386246912975718,low,non-vegetarian,1957.4209850107654
49,51.64089599856615,171.04355937523212,17.65144719665612,moderate,vegetarian,2010.6468091212932
33,70.51125202388839,161.01215951676872,27.198257209579463,high,non-vegetarian,2783.5893309936396
25,58.45040153412038,156.6968637426101,23.804928999671976,low,vegetarian,1726.6312964790206
55,73.50678867686122,168.10879609222965,26.010372628129,high,vegetarian,2719.3461522210855
29,46.66156530694559,179.21650111924458,14.527915830120254,high,non-vegetarian,2595.093813116522
41,74.96320348321686,168.72450879622465,26.33248178984976,moderate,vegetarian,2398.7403222128587
45,82.50293442413387,185.11154930247346,24.076999527223098,low,vegetarian,2108.3718328581576
25,40.09396536142817,155.4882430994844,16.583794139496028,high,vegetarian,2245.9341113749065
45,75.61084854771359,169.87911052153945,26.20017277357719,low,non-vegetarian,1911.4235114841088
53,88.41503488709938,157.47606555586881,35.6530765216755,low,vegetarian,1924.0509103142085
43,51.85538471963192,173.6363188262497,17.199377181496867,moderate,non-vegetarian,2083.17125979057
25,95.08858580256555,178.868873900973,29.720686916012134,low,non-vegetarian,2332.579583888084
67,76.28528514049067,165.79238206318948,27.753108339689053,low,vegetarian,1756.866287159809
45,59.424822163623865,143.95786143372865,28.674583468396484,high,vegetarian,2284.1727400746768
45,69.16346383513441,171.98948146796494,23.38153187247434,moderate,non-vegetarian,2312.3533462891874
54,78.37490368782584,174.3673855173351,25.777839104699336,low,non-vegetarian,1924.2542356339234
58,71.14008087118617,174.04294754961697,23.485591084823405,high,vegetarian,2716.504615614542
53,78.08133988669553,182.35782191822153,23.480020112374323,moderate,vegetarian,2483.3246787837597
44,56.18989610380951,159.2894632035095,22.145430723780844,moderate,non-vegetarian,2006.1871590900441
34,72.54041236054117,176.8021610545045,23.20624547225677,high,non-vegetarian,2988.7517343529166
26,48.7942825464253,181.92507512477974,14.74293024832397,high,non-vegetarian,2690.954180989427
50,68.33160907976949,152.21412415993484,29.492510415935104,high,non-vegetarian,2492.3778602351176
37,56.44138537802815,173.19651825918976,18.81565540658707,high,non-vegetarian,2631.4057672203917
30,58.9670508611535,164.95820168992327,21.67013320419493,high,vegetarian,2647.1866845124
45,88.54139762815656,169.18477326898355,30.933127072428665,low,non-vegetarian,2061.3825710552555
65,86.36965180891403,173.47676483538336,28.69977817230608,low,non-vegetarian,1947.5115579723433
46,79.13707181360766,165.12771435886447,29.022848681606433,moderate,vegetarian,2390.1283993184693
30,53.61530852991132,163.24291920838388,20.119635315086665,low,vegetarian,1687.705596421815
63,65.25387325457797,170.34152417488025,22.488745894641553,low,non-vegetarian,1682.6079103665372
52,88.19646549968775,159.12754061137198,34.83056182414709,low,non-vegetarian,1939.8141405815427
23,72.12575370459857,159.14174871114815,28.478827997763787,high,vegetarian,2881.6082396831907
35,104.78994309972542,176.79373282956504,33.52631902497937,moderate,non-vegetarian,2966.790391773054
68,75.89976759091557,158.51205964841344,30.20757259912781,moderate,non-vegetarian,2114.5470730676097
22,72.88073674735047,176.6631250090921,23.351830914723603,moderate,vegetarian,2584.4278481704955
64,65.36325303696248,174.62591292853952,21.4346442099345,moderate,non-vegetarian,2137.566729259495
42,72.00311357173423,152.74193271209404,30.862756575267035,low,vegetarian,1757.601858201516
19,67.71295245429185,163.22435347664344,25.415686005010983,low,vegetarian,1922.7380805263278
27,80.62163015032885,181.94109403047372,24.355103054644125,high,vegetarian,3255.026650548749
47,84.35053475191876,160.1883446886032,32.87199127499885,moderate,vegetarian,2414.523752734436
67,58.21015809238076,165.35595737690613,21.289187480763374,low,non-vegetarian,1536.691577435365
62,50.03150569663333,174.62060893251896,16.407883979478004,low,vegetarian,1538.032635353492
22,42.45691940345055,177.83390509282594,13.425156239617339,high,non-vegetarian,2566.8559815564017
50,77.61986990368815,167.48461113955506,27.670887710680585,high,non-vegetarian,2831.359533586381
18,53.449500907391894,164.02489805308358,19.86662532505146,high,non-vegetarian,2645.371119430244
35,37.706641105712755,184.22369861698508,11.110327292645005,low,non-vegetarian,1624.1574328959407
49,75.82867906796446,187.3889966379758,21.594607711799938,low,non-vegetarian,2021.3616236003918
64,107.39499276149186,179.78858050781795,33.2246049695879,high,vegetarian,3379.7314004198056
66,69.9089363269016,170.85318142565023,23.94895423492451,moderate,vegetarian,2155.382620768995
28,82.57736161677462,161.91734278359073,31.49736816180913,high,vegetarian,3055.962615417339
38,71.22744037821347,161.69555593443434,27.242764123726587,high,vegetarian,2759.1689310702286
43,68.51665520213287,175.22514105265756,22.315330186639677,high,non-vegetarian,2817.5826304807892
42,83.78614724481653,174.18398220888685,27.615683089904977,high,vegetarian,3089.7204502566747
39,65.64588183717024,184.0159859294643,19.386364806335784,low,non-vegetarian,1933.870476517025
44,74.01088471107855,176.50450092536138,23.75658584958534,moderate,non-vegetarian,2434.892966841441
66,74.8254670929402,154.96919698240183,31.157217882587243,high,vegetarian,2496.2618737249445
30,59.978643195354266,180.5194761772292,18.405537633313244,moderate,vegetarian,2367.0497370918374
50,84.88063524304785,160.01939372685587,33.148461752135084,moderate,vegetarian,2398.3913448349913
51,67.37560364956887,166.1602872804765,24.403279858677692,moderate,vegetarian,2185.886747998
58,58.66382260760733,172.50200206251694,19.714332588262042,high,non-vegetarian,2474.5963301402476
52,78.04764765355606,189.95667489783963,21.629710180289162,low,non-vegetarian,2049.2468335764697
18,56.52298027313444,201.0991855600536,13.976693106757619,high,vegetarian,3117.779482467023
38,70.42271736053692,176.06723059136183,22.717247657494774,moderate,non-vegetarian,2421.971047202071
65,69.86321505033695,168.16803381279612,24.703681226160242,moderate,non-vegetarian,2137.023542750018
23,86.28843348747367,175.3450564848055,28.065031378441663,low,non-vegetarian,2212.549125485725
45,77.12047349319928,178.87655425873837,24.102541903786427,high,vegetarian,2995.5297582883936
34,69.62459561882284,166.79332374442808,25.026802110032218,moderate,non-vegetarian,2353.0563443863557
22,82.26649448800431,187.95211355912323,23.287805439197637,low,vegetarian,2264.838785549476
48,90.8531132352597,172.30070759191403,30.603119051615202,moderate,vegetarian,2618.1158322030897
22,78.36715459527794,174.97743089091395,25.59587655708419,low,non-vegetarian,2120.73658682519
55,70.15528929765071,176.6592425205446,22.479554078280497,low,non-vegetarian,1836.8077904758932
20,50.32245651474761,174.21586610614455,16.580072473515497,high,vegetarian,2685.732710959583
40,54.02329505386941,178.38940500469613,16.97629665383027,moderate,non-vegetarian,2182.7500977270674
54,65.42162943467999,163.82746813453076,24.37518484121747,high,non-vegetarian,2534.648346337711
54,60.85731696761075,164.41698246053969,22.512278608739567,moderate,vegetarian,2049.268965081721
27,67.19543045521831,158.99845767028305,26.57993516500728,high,vegetarian,2755.250396984614
27,70.8497488734566,174.39501230620226,23.29540124928867,moderate,vegetarian,2495.1994734724954
36,77.94539131535096,177.78936503512114,24.659194376265166,high,vegetarian,3079.1474003214303
34,68.94251832911362,174.57772866151885,22.62087842304717,low,non-vegetarian,1932.6431849107548
38,77.29752465739303,186.74492433347538,22.165012122123013,moderate,non-vegetarian,2625.1965354872273
31,70.9671162221518,169.94403981170953,24.57227019678767,moderate,vegetarian,2425.2321165670537
26,40.36800150469193,176.68741655592513,12.930818262106612,low,vegetarian,1653.5716422257417
63,55.90996909271868,159.08299123860687,22.0923418791028,high,vegetarian,2229.063095103264
18,67.83868666417577,166.129002975256,24.580262368486405,moderate,non-vegetarian,2440.0397028556613
68,51.85457885738339,176.95537757565776,16.5599713526963,moderate,vegetarian,1926.7753476325422
62,78.99893094994307,178.49102110743144,24.796390444908212,high,non-vegetarian,2872.004744557579
30,92.96126248515546,167.06033052335818,33.30852034067233,low,vegetarian,2188.4876287470515
21,88.28142777545975,169.28400748141934,30.806154219618783,high,vegetarian,3304.510784124243
18,66.79835693604689,154.8212625331919,27.867920997254117,high,vegetarian,2782.109628347253
66,92.36089205274928,166.4297079919339,33.34466944094046,high,non-vegetarian,2940.8302718587433
57,72.23001185803167,178.90383163519786,22.56723763067942,moderate,non-vegetarian,2333.173599450455
49,64.9437104332294,175.75205016106565,21.025014209097332,low,non-vegetarian,1803.464901406745
51,60.7989600468859,175.0066572138121,19.85121129057262,low,vegetarian,1736.1374496662218
45,65.46295470267808,170.4977368718096,22.519480424008947,high,non-vegetarian,2691.4327244560636
48,64.17734772188157,170.07063158628176,22.188253335827522,moderate,non-vegetarian,2197.072386949615
25,72.55624333563232,163.39678860526553,27.176139007297042,high,vegetarian,2919.2262518506186
56,72.40860971574797,176.98828420202534,23.115387103558334,moderate,vegetarian,2325.394310130207
43,70.04569030230121,174.2097294438939,23.080042653071533,moderate,non-vegetarian,2361.4015680710236
51,76.55407254619524,174.920188479928,25.020064567251247,moderate,non-vegetarian,2405.6878551922537
20,87.85969412179512,164.7396515733242,32.37377922872212,moderate,non-vegetarian,2712.3296453268413
67,84.24331203161985,148.46657080128756,38.21889071605723,low,non-vegetarian,1722.419025389095
29,47.726530473251444,180.97152711753697,14.572677762627878,moderate,vegetarian,2195.0060238256806
18,31.691182976470678,165.21162543991596,11.610668962762345,moderate,vegetarian,1889.2267331462724
61,84.01479866858911,161.3722423595688,32.26250786046321,high,vegetarian,2778.704102579753
22,49.496819523768686,176.93478911913994,15.810690168247117,high,non-vegetarian,2683.4591290181606
47,66.62851897160975,166.0798736008087,24.156062718735843,low,non-vegetarian,1763.1412796653824
47,52.448304609109606,180.59936384046622,16.080480503362185,high,vegetarian,2552.8123261692176
34,42.970293436299706,176.17005949576696,13.845355691858101,moderate,vegetarian,2041.148709317311
65,78.12194092307182,176.8356932320048,24.982342962490236,high,non-vegetarian,2810.5964854753465
64,81.3873274045397,156.34044288799467,33.297690445650176,low,non-vegetarian,1765.2012505144362
40,61.35234398909921,182.119439853864,18.49773476971457,high,vegetarian,2793.185890159756
32,31.13436561782635,172.61250531233856,10.449499972114406,high,vegetarian,2214.309265884683
54,61.80633327621276,166.30722860753798,22.346562505210407,low,vegetarian,1664.980213871088
38,75.8770600810382,171.4338846734225,25.817676981427173,low,non-vegetarian,1968.278856023127
31,47.81632646838807,152.2376476710168,20.63156053604576,moderate,non-vegetarian,1911.9728439416035
19,72.75039879668734,174.0865281148067,24.00518461172316,high,non-vegetarian,3096.980619631948
28,69.77035226240507,159.70628491817928,27.354381602304116,moderate,non-vegetarian,2333.8017050440067
68,78.68937249401633,156.47329714156464,32.1392408467111,high,non-vegetarian,2564.733297734896
56,71.79370552621229,154.77640813782108,29.969316734689173,high,non-vegetarian,2529.5212910223086
55,55.40396588677667,181.12688374989926,16.8878756591904,moderate,vegetarian,2116.624023456956
51,87.94857252496737,163.7073660630721,32.81650700381835,high,vegetarian,2965.782173658974
55,67.62205640459545,185.337277099165,19.68624189201415,high,non-vegetarian,2807.241382648325
67,69.59043190735102,164.64198536947703,25.67251066562713,high,vegetarian,2501.850109738935
51,56.00098061390206,152.92642042407053,23.94586808936271,low,non-vegetarian,1512.9599205473537
35,63.35076623212735,158.8347556005134,25.110814155280266,moderate,vegetarian,2176.8373272367235
47,56.727959289596484,182.3581162000694,17.058740641798646,low,non-vegetarian,1766.421382975678
32,67.40580910114865,168.44101822063334,23.757547704172687,moderate,vegetarian,2350.221682335667
44,95.67562720213516,164.51712703509398,35.349158873423995,moderate,vegetarian,2647.4824739860333
68,49.421482856029655,171.60018225852787,16.78341302815484,high,non-vegetarian,2208.0887418169723
51,45.796579031848886,175.01782736167544,14.950938711501383,moderate,non-vegetarian,1945.2408169934406
69,92.06755491240413,181.17398815902462,28.04884099587129,low,vegetarian,2049.615570141534
55,66.86014484272201,184.48499229892926,19.644692186399983,low,vegetarian,1855.9591803546332
50,59.963908920101254,166.40231354210914,21.655649594159286,low,non-vegetarian,1667.5842586070335
41,85.59857031094114,156.73952313917962,34.84251283927096,moderate,vegetarian,2445.9115840939257
32,60.91576690394704,165.86534838876725,22.14207847555516,low,non-vegetarian,1782.9793157631186
47,97.39014570320404,172.60280506582887,32.69033090938955,moderate,non-vegetarian,2726.5034830402064
59,80.16888807008904,160.3624107378939,31.174586897243636,low,vegetarian,1810.7447373752725
68,62.68132887781446,160.42849085104956,24.354274624630555,low,non-vegetarian,1547.389627916645
34,102.35962319898255,173.43787881549886,34.02834064962846,moderate,vegetarian,2906.37446188004
22,60.914276154949924,169.5134764842955,21.198768215716118,low,vegetarian,1870.3223874916152
46,81.13143058013961,170.32796995411587,27.9651525818165,high,non-vegetarian,2962.5554124263167
21,74.48938870609737,162.4150466529993,28.238517174524482,moderate,vegetarian,2482.481892963329
27,89.52611934098198,167.69599285794231,31.834965928519594,moderate,non-vegetarian,2712.541723157939
34,93.42266795090279,160.75766855731695,36.15004710398488,moderate,non-vegetarian,2653.443161988388
27,70.4800622359865,178.90198411124786,22.020945629585306,high,non-vegetarian,3038.288441499295
34,58.69873194480725,180.35249334723753,18.0461439733559,moderate,vegetarian,2316.2856043024603
37,76.89958214408675,151.53812137761906,33.487303788664995,low,non-vegetarian,1837.330896061184
41,59.834269453718406,160.7048913980759,23.1681737530862,low,vegetarian,1677.29791893019
22,100.20080871289935,155.03470744909922,41.68822062245702,low,non-vegetarian,2233.1700104230363
51,72.04802996624106,163.49976065593103,26.95180574241612,moderate,non-vegetarian,2231.030705642969
23,64.52017673031837,169.16562030209639,22.546095237164057,low,non-vegetarian,1904.9842730295434
19,72.77020458797362,155.5035478030147,30.093520179144956,moderate,vegetarian,2406.898829472867
30,49.793105657054554,160.78140186874688,19.261832086017783,low,vegetarian,1623.3777819002564
60,55.42578942234023,159.96042627918501,21.661412951822914,high,non-vegetarian,2257.219005242956
60,88.00620861916639,172.07267329398945,29.72278498808818,high,non-vegetarian,2979.9293297023764
65,60.14658581542906,170.6934433703625,20.643213348537696,high,vegetarian,2417.9397825943015
28,54.296335259770906,162.78262446662745,20.490588208146566,high,vegetarian,2556.6385599254354
68,78.04979128790929,171.768208721394,26.453684690568288,moderate,vegetarian,2271.073826081708
64,87.78556231994496,164.53319915412735,32.427689888727095,low,non-vegetarian,1903.4257414952947
40,80.784299659976,167.28344889673946,28.868287164176554,high,vegetarian,2976.056193967887
33,84.94071528708724,186.73452090298537,24.359405802960364,moderate,non-vegetarian,2777.2468627717963
48,58.648073671458086,183.40461051790348,17.435453745564416,high,vegetarian,2686.96719441266
28,48.67283999887234,157.00418763072403,19.745321765670607,high,non-vegetarian,2390.408230825348
33,92.5200047793323,178.29732417879174,29.103551933633057,moderate,non-vegetarian,2811.8374858661573
25,65.15980241736797,178.1139655449159,20.53921366917166,moderate,non-vegetarian,2459.715463244106
21,66.23750475317429,158.5173671124738,26.36029480966546,low,vegetarian,1857.7303103816448
57,89.92291212773587,178.1877764375486,28.321388802076623,low,vegetarian,2073.4832688144447
21,78.3434501410099,185.37931918412554,22.797127474251536,high,vegetarian,3306.69944335959
42,76.83831658122412,158.77455193755586,30.480076301762228,high,non-vegetarian,2791.303407759538
20,102.47503517351626,160.82497178985736,39.61969320609005,low,non-vegetarian,2315.887710506125
49,60.347226544297854,180.17661466843504,18.589190156759823,low,vegetarian,1781.491328544837
20,83.91760192121856,172.71495310825648,28.13151922916923,moderate,non-vegetarian,2727.966714208183
44,70.85519687345626,175.51476275239523,23.00087757321278,low,non-vegetarian,1902.6230831244393
46,74.02888418294886,173.40589216400497,24.619175419978774,low,non-vegetarian,1912.8908014254234
49,92.92702639618797,173.90695920928144,30.726147945344565,high,vegetarian,3188.1397662358
67,77.61753634434436,156.73527871688918,31.595580038543005,low,non-vegetarian,1704.925026508801
68,78.07444118574449,180.47317706621448,23.970856770996665,high,vegetarian,2823.663183338314
36,86.08761005964703,181.69589992427774,26.076565858441548,low,vegetarian,2179.7705701478476
38,64.52570905685673,167.70609255931973,22.94220230286874,moderate,vegetarian,2255.1302535964733
22,57.41185498991491,169.56523050186138,19.96769664246864,low,vegetarian,1828.681488642939
35,54.327862089684494,154.68892497444278,22.704093802627447,low,vegetarian,1602.101282384535
45,40.50465115935997,175.14254756017834,13.204488151238303,low,non-vegetarian,1529.6249206136572
59,100.84310694910484,175.72057441714145,32.65885760215368,high,vegetarian,3261.0323872767285
39,53.451874514174754,169.3780898300069,18.631528218798834,moderate,vegetarian,2097.197709868936
38,66.68119564621342,181.24353359870503,20.299172628530226,low,vegetarian,1931.500849744849
23,65.84780050166619,166.6592276902006,23.707324432112827,high,non-vegetarian,2853.176720544748
18,74.61110046713651,175.646059258936,24.18391593476542,moderate,non-vegetarian,2630.848312559573
22,82.23605818808944,159.80335661307885,32.20256686065751,high,non-vegetarian,3080.036809282747
58,82.90710232539618,169.76447849125762,28.76723288011358,high,non-vegetarian,2880.1782248837794
29,61.25383842146592,168.25645742097163,21.63664039448596,moderate,vegetarian,2278.7118646435983
43,67.49317429320382,172.2530792204094,22.747091038217565,low,vegetarian,1843.8161856715162
63,74.2386992573245,166.30473071166642,26.842387849590516,high,non-vegetarian,2640.224807138088
51,66.26963310724679,168.68527404328333,23.289503181477475,high,non-vegetarian,2631.56272891738
66,94.1101836402999,178.26047171441508,29.616007952518313,low,non-vegetarian,2070.275741541712
31,77.36462427457377,165.63235762761784,28.200191227683135,low,non-vegetarian,1984.6181735020189
43,81.02316679074727,153.9342289926132,34.19312642250359,moderate,vegetarian,2335.9808986669577
62,79.94321903001119,187.4958390420542,22.740413813218822,moderate,non-vegetarian,2491.921776469426
44,87.60210786227988,183.81454078690487,25.927152908367965,moderate,non-vegetarian,2707.2929378114313
26,72.7153233805556,157.07737304894383,29.471258432440205,low,non-vegetarian,1894.6641784337457
43,50.5475207806623,176.89707805245195,16.15319889920406,high,non-vegetarian,2512.9475021420058
64,75.99531927628962,164.97025229448656,27.923867382073617,high,non-vegetarian,2647.831085286187
39,60.22964659312257,172.6348721533106,20.2093925555773,moderate,non-vegetarian,2229.3966253341255
64,62.07074977375365,172.94224129013494,20.75318824138485,low,non-vegetarian,1657.9158069610558
47,78.7954602813264,167.65592199683678,28.032601294608455,high,vegetarian,2881.447407528289
60,88.57424607150453,162.16234334413605,33.68274219766792,moderate,vegetarian,2398.8856599238434
65,70.31907365104092,163.0945894768374,26.43589590193119,high,vegetarian,2515.5574573331573
34,74.63249518898445,160.83808084518756,28.8502909239213,high,vegetarian,2846.81332291008
43,95.53322416952857,161.68177791769554,36.5453632217359,low,vegetarian,2101.0120244170594
53,73.61129769232852,169.32821709950645,25.6735427905259,low,vegetarian,1835.2972005542406
18,109.02524671270592,162.8424001088925,41.1142231395433,high,non-vegetarian,3632.431442053747
25,78.48264468447316,176.8205206571262,25.10199849875102,moderate,non-vegetarian,2647.432051427655
66,43.58855861266274,184.87246155335927,12.7534610555056,low,vegetarian,1513.6061650021472
52,81.30012431656799,164.19946758629956,30.15419371584432,high,non-vegetarian,2842.646248044094
69,75.71737577324167,172.39404500535377,25.477161131414583,low,vegetarian,1787.563846819053
32,89.34629131124119,174.99685110302934,29.175349139007505,low,non-vegetarian,2192.6318790076143
64,80.09772026904938,174.72002270919273,26.23824605753528,low,non-vegetarian,1887.5728135475379
39,67.92316024024339,170.75955267916086,23.294203601647038,high,non-vegetarian,2792.661851964941
31,51.635526455659516,177.42682418359723,16.402500179406314,moderate,non-vegetarian,2205.409373556117
43,66.86465114070963,174.82248952680658,21.877716093014925,moderate,non-vegetarian,2319.430606424456
45,57.242193186860504,157.62337577672702,23.03960431382801,moderate,non-vegetarian,1998.8520457097234
40,61.29214825292916,178.69156064389273,19.195382017237016,low,vegetarian,1835.6924838643454
31,78.82867606630914,178.8729083726674,24.637412548997734,high,vegetarian,3152.236388386073
41,95.0485675652711,162.36713895821418,36.05365510965869,low,non-vegetarian,2112.3363529698595
19,75.92007294734472,170.37937835447602,26.153062882022706,moderate,vegetarian,2593.6077662833836
62,52.06175406947224,176.8332899281107,16.649099258065498,moderate,non-vegetarian,1973.7384041181217
43,76.66904002330212,167.9068618042064,27.194628856265233,high,vegetarian,2881.99491571676
31,87.94947229968477,180.7297804776601,26.926121171917732,low,non-vegetarian,2224.867021178668
68,60.85325643520927,193.6387249461936,16.229285302597052,moderate,vegetarian,2218.1618928987045
24,67.98974249990623,162.14013967365017,25.862012111569232,high,non-vegetarian,2831.8919363268765
20,70.22032292093796,156.18955396846226,28.784510801558216,low,vegetarian,1894.0655298147224
64,58.2265253037664,173.03818595604875,19.44629936006556,low,non-vegetarian,1612.5046983155626
40,79.72420650765788,177.21562505126144,25.385526998289365,moderate,vegetarian,2557.2595824704445
63,68.18577777088328,167.69133626155232,24.247811533180307,moderate,non-vegetarian,2122.3929440153024
60,76.29298665860541,184.53260663321035,22.404661343367014,low,non-vegetarian,1939.5103896523424
64,56.6876173329685,156.61394200276752,23.111458920552444,low,non-vegetarian,1470.8559730163784
62,63.438125495148846,176.9291862303161,20.26522274705996,moderate,vegetarian,2145.283003336446
35,80.83572036741657,163.94139179241105,30.07641560460552,low,vegetarian,1989.5890828520817
55,64.40750271862349,187.19377906207296,18.380344062934785,moderate,vegetarian,2308.5542194862865
